smiles,label
CC(=O)OCC1=CC=CC=C1,0.0
ClC1=C(Cl)C(C#N)=C(Cl)C(C#N)=C1Cl,0.0
[H][C@@]1([C@H](O)[C@H](C)C\C=C\C)N(C)C(=O)[C@H](C(C)C)N(C)C(=O)[C@H](CC(C)C)N(C)C(=O)[C@H](CC(C)C)N(C)C(=O)[C@@H](C)NC(=O)[C@H](C)NC(=O)[C@H](CC(C)C)N(C)C(=O)[C@@H](NC(=O)[C@H](CC(C)C)N(C)C(=O)CN(C)C(=O)[C@H](CC)NC1=O)C(C)C,0.0
CC(OC1=C(Cl)C=C(Cl)C=C1)C(O)=O,0.0
OC(=O)COC1=C(Cl)C=C(Cl)C=C1,0.0
[H][C@@]12CC[C@H](O)[C@@]1(C)CC[C@]1([H])C3=CC=C(O)C=C3CC[C@@]21[H],1.0
COC1=CC2=C(C=C1)[C@H]1CC[C@@]3(C)[C@@H](CC[C@@]3(O)C#C)[C@@H]1CC2,1.0
NC1=CC=C(OC2=CC=C(N)C=C2)C=C1,0.0
OC1=CC=C(C=C1)C1(OC(=O)C2=C1C=CC=C2)C1=CC=C(O)C=C1,1.0
Cl.CC(COC1=CC=CC=C1)N(CCCl)CC1=CC=CC=C1,0.0
CC(O)CO,0.0
CN(C)C(=S)SC(=S)N(C)C,0.0
S=P(N1CC1)(N1CC1)N1CC1,0.0
ClC(Cl)(Cl)SN1C(=O)C2=C(C=CC=C2)C1=O,0.0
COP(=O)(OC)C(O)C(Cl)(Cl)Cl,0.0
C[C@H]1CCCC(=O)CCC\C=C\C2=C(C(O)=CC(O)=C2)C(=O)O1,1.0
[Zn++].CN(C)C([S-])=S.CN(C)C([S-])=S,0.0
CC(C)C1=CC=C(CO)C=C1,0.0
CN(C)C1=CC=C(C)C=C1,0.0
O=C(C1=CC=CC=C1)C1=CC=CC=C1,0.0
COC1=C(O)C=CC(C=O)=C1,1.0
CCOP(=S)(OCC)SCCSCC,0.0
OC1=C(Cl)C=C(C=C1)C1=CC=CC=C1,0.0
CC(CCC(O)=O)(C1=CC=C(O)C=C1)C1=CC=C(O)C=C1,1.0
CCC1=CC=CC(O)=C1,0.0
CC1=CC=C(C=C1)C1=CC(=NN1C1=CC=C(C=C1)S(N)(=O)=O)C(F)(F)F,0.0
COC1=C(O)C=CC=C1,0.0
COC(=O)C1=C(C)NC(C)=C(C1C1=CC=CC=C1[N+]([O-])=O)C(=O)OCC(C)C,0.0
CCC(C)(C)C(=O)O[C@H]1C[C@@H](C)C=C2C=C[C@H](C)[C@H](CC[C@@H]3C[C@@H](O)CC(=O)O3)[C@@H]12,0.0
C1=CC2=CC3=C(C=CC=C3)C=C2C=C1,0.0
C1=CC=C2C(=C1)C1=CC=CC3=C4C=CC=CC4=CC2=C13,0.0
CC1=C(SCCO1)C(=O)NC1=CC=CC=C1,0.0
CCN(CC)C1=NC(OP(=S)(OC)OC)=CC(C)=N1,0.0
BrC1=C(C=CC=C1)C1=CC=CC=C1,0.0
CN(C)C1=CC=CC(O)=C1,0.0
[Na+].[Na+].[O-]C1=C(Br)C2=C(C=C1Br)C1(OC(=O)C3=C1C=CC=C3)C1=CC(Br)=C([O-])C(Br)=C1O2,0.0
CC1=C(O)C(=O)C=CO1,0.0
CC1=C(O)C=CC=C1O,0.0
OC(=O)C1=CC=CC(=C1)[N+]([O-])=O,0.0
CCCCCC1=CC(O)=CC(O)=C1,0.0
CCOC1=CC=C(N)C=C1,0.0
OC1=CC=C(C=C1)N=O,0.0
[O-][N+](=O)C1=C(Cl)C(Cl)=CC(Cl)=C1Cl,0.0
"C*.N1N=NC2=CC=CC=C12 |c:2,6,t:4,8,lp:2:1,3:1,4:1,m:1:6.7|",0.0
O(P(OC1=CC=CC=C1)OC1=CC=CC=C1)C1=CC=CC=C1,0.0
CCCCCCCCCCCCCC(=O)OC(C)C,0.0
CCCCCCCCCCCO,0.0
CCCCCCC(C)O,1.0
CC(C)(C1=CC=CC=C1)C1=CC=C(NC2=CC=C(C=C2)C(C)(C)C2=CC=CC=C2)C=C1,0.0
CCCCCCC(C)NC1=CC=C(NC2=CC=CC=C2)C=C1,0.0
CCC(COC(=O)C=C)(COC(=O)C=C)COC(=O)C=C,1.0
CCCCNC(=O)OCC#CI,0.0
CCC1=CC(=C(O)C(=C1)C(C)(C)C)C(C)(C)C,0.0
Br.CN1[C@H]2C[C@@H](C[C@@H]1[C@H]1O[C@@H]21)OC(=O)[C@H](CO)C1=CC=CC=C1,0.0
CC1=CC(O)=CC(C)=C1Cl,1.0
CC(C)(C)C(O)C(OC1=CC=C(Cl)C=C1)N1C=NC=N1,0.0
OC(=O)COC1=C(Cl)C=C(Cl)C(Cl)=N1,0.0
CO\C=C(\C(=O)OC)C1=CC=CC=C1OC1=CC(OC2=CC=CC=C2C#N)=NC=N1,0.0
CC(C1CC1)C(O)(CN1C=NC=N1)C1=CC=C(Cl)C=C1,0.0
O=C(NC1=CN=NS1)NC1=CC=CC=C1,0.0
[H][C@@]12CC[C@H](O)[C@@]1(C)C=CC1=C3CCC(=O)C=C3CC[C@@]21[H],1.0
CN(CC1=CN=C(Cl)C=C1)C(\C)=N\C#N,0.0
CCOC(=O)NC1=CC(OC(=O)NC2=CC=CC=C2)=CC=C1,0.0
COP(=S)(OC)OC1=C(Cl)C=C(C)C=C1Cl,0.0
COC1=CN=C(OC)N2N=C(NS(=O)(=O)C3=C(C=CC=C3OCC(F)F)C(F)(F)F)N=C12,0.0
COC1=C(C=C(Cl)C=C1)C(=O)NCCC1=CC=C(C=C1)S(=O)(=O)NC(=O)NC1CCCCC1,0.0
CCNC1=NC(N)=NC(Cl)=N1,0.0
CCOP(=S)(OCC)SC(CCl)N1C(=O)C2=C(C=CC=C2)C1=O,1.0
OC(=O)C1=C(O)C2=CC=CC=C2C(O)=C1,0.0
CCCCCCCCCCCCCCC(Br)C(O)=O,0.0
OC1=CC2=C(C=C1)C1(OC(=O)C3=C1C=CC=C3)C1=C(O2)C=C(O)C=C1,1.0
CNC(=O)ON=CC(C)(C)SC,0.0
CCCCCC1=CC=C(N)C=C1,0.0
O=C1C=CC(=O)N1C1=CC=CC=C1,0.0
CCCCC\C=C/C=C/C(=O)OCC,1.0
CC1=CC(O)=C(Cl)C(C)=C1Cl,0.0
CCCCCC[C@@H](O)C\C=C/CCCCCCCC(O)=O,0.0
OC1=C(C=C(Br)C=C1Br)C(=O)NC1=CC(=CC=C1)C(F)(F)F,0.0
CN(C)C(=O)NC1=CC=CC(OC(=O)NC(C)(C)C)=C1,0.0
CCCCCCCCCCCCN1CCCCCC1=O,0.0
CCCCCCCCCCCCCOP(O)(O)=O,0.0
C(C1CO1)N(CC1CO1)C1=CC=C(CC2=CC=C(C=C2)N(CC2CO2)CC2CO2)C=C1,0.0
CO[Si](C)(C)OC,0.0
[Br-].CCCCCCCCCCCCCC[N+](C)(C)C,0.0
CC(O)C(=O)O[Hg]C1=CC=CC=C1,0.0
CC(C)C1=CC=CC(O)=C1,0.0
CC1=NC(N)=CC=C1,0.0
OC(=O)CCCCCCCCCC(O)=O,0.0
CC(C)(C1CCC(O)CC1)C1CCC(O)CC1,0.0
N[C@H](CC1=CNC2=CC=CC=C12)C(O)=O,0.0
C[C@@](O)(CC[C@H]1[C@](C)(O)CC[C@H]2C(C)(C)CCC[C@]12C)C=C,0.0
CC(=O)C1=CC2=C(CCCC2)C=C1,0.0
CS(O)(=O)=O.CC(C)(C)C1=CC(\C=C2/SC(=N)NC2=O)=CC(=C1O)C(C)(C)C,0.0
CSC1=CC=C(OC2=CC=C(C=C2CN(C)C)S(N)(=O)=O)C=C1C,0.0
CC(C)C1=NN=C2C=CC(=CN12)C1=C(N=CO1)C1=CC(F)=CC=C1F,1.0
Cl.CC1=NC(=NO1)C1=CC2=C(CCN(CCC3CCC(CC3)NC(=O)\C=C\C3=CC=C(F)C=C3)CC2)C=C1,0.0
NCC1=CC=CC(=C1)C1CCN(CC1)C(=O)C1=CC=C(O1)C#CC1=CC=CC=C1F,0.0
Cl.CCOC(=O)O[C@H](C)OC(=O)C1=CC=C2N(CC3=NOC(=C3)C3=CC=C(Cl)S3)C(=CC2=C1)C(=O)NC1CCN(CC1)C(C)C,0.0
Cl.CCN(CC1=CC=CN=C1)C(=O)C1=CC=CC(Cl)=C1[C@]1(C)C(=O)N(CC2=C(OC)C=C(OC)C=C2)C2=CC=C(Cl)C=C12,1.0
CCCCCCCCOC(=O)C1=CC=C(C(=O)OCCCCCCCC)C(=C1)C(=O)OCCCCCCCC,0.0
S1C2=C(C=CC=C2)C2=C1C=CC=C2,0.0
CCCCCCCCOC(=O)C1=CC=C(O)C=C1,1.0
OC1=CC(C[C@H]2COC(=O)[C@@H]2CC2=CC(O)=CC=C2)=CC=C1,1.0
O.Cl.Cl.CN1CCC2=CC=CC3=C2[C@H]1CC1=C3C(O)=C(O)C=C1.CN1CCC2=CC=CC3=C2[C@H]1CC1=C3C(O)=C(O)C=C1,1.0
CCCCCCCCCCCCOC(=O)C1=CC(O)=C(O)C(O)=C1,0.0
Cl.CN1C(=O)C=C(OC2=C(F)C=C(F)C=C2)C2=C1N=C(NCC(C)(C)O)N=C2,0.0
NC1=C(O)C=C(C=C1)[N+]([O-])=O,0.0
CC1=CC=CC=C1N=NC1=CC(C)=C(N)C=C1,0.0
NC1=NC(=NC(N)=N1)C1=CC=CC=C1,0.0
ClC(Cl)(Cl)C1=CC=CC=C1,0.0
CC(C)(C)C1=CC=C(O)C=C1,0.0
CC1CC(=O)O1,0.0
Cl.Cl.NC1=CC=C(C=C1Cl)C1=CC(Cl)=C(N)C=C1,0.0
OC1=C(Cl)C=C(Cl)C=C1,0.0
Cl.Cl.COC1=CC(=CC=C1N)C1=CC=C(N)C(OC)=C1,0.0
CC1=C2C=CC=CC2=C(C)C2=C3C=CC=CC3=CC=C12,0.0
ClC1=C(Cl)C2(Cl)C3COS(=O)OCC3C1(Cl)C2(Cl)Cl,0.0
CCCCCCC1=C(O)C=C(O)C=C1,1.0
ClC12C(=O)C3(Cl)C4(Cl)C1(Cl)C1(Cl)C2(Cl)C3(Cl)C4(Cl)C1(Cl)Cl,1.0
SC1=NC2=C(S1)C=CC=C2,0.0
COP(=S)(OC)OC1=CC=C(C=C1)[N+]([O-])=O,0.0
CN1CCC[C@H]1C1=CN=CC=C1,0.0
O=NC1=CC=C(NC2=CC=CC=C2)C=C1,0.0
CCCCOCCOCCOCC1=CC2=C(OCO2)C=C1CCC,0.0
[Cl-].CCNC1=CC2=[O+]C3=C(C=C(C)C(NCC)=C3)C(=C2C=C1C)C1=C(C=CC=C1)C(=O)OCC,1.0
Cl.NC1=CC=C(C=C1)C(C1=CC=C(N)C=C1)=C1C=CC(=N)C=C1,0.0
COC1=CC=C(C=C1)C(Cl)=C(C1=CC=C(OC)C=C1)C1=CC=C(OC)C=C1,1.0
CCN(CC)C(=S)SSC(=S)N(CC)CC,0.0
NC1=CC=C(OC2=CC=C(N)C(N)=C2)C=C1,0.0
OC1=C(C=CC=C1)[N+]([O-])=O,0.0
OC1=CC=C(Cl)C=C1,1.0
O=P(OC1=CC=CC=C1)(OC1=CC=CC=C1)OC1=CC=CC=C1,0.0
CCCCCCCCOC(=O)C1=C(C=CC=C1)C(=O)OCCCCCCCC,0.0
CC1=C(O)C(=CC(=C1)[N+]([O-])=O)[N+]([O-])=O,0.0
COC1=CC(OC)=C(C=O)C=C1OC,0.0
CNC(=O)ON=C(C)SC,0.0
COC1=CC=C(C=C1)C1=COC2=C(C(O)=CC(O)=C2)C1=O,1.0
OC1=CC2=C(C(O)=C1)C(=O)C=C(O2)C1=CC=CC=C1,0.0
CCC1=C(O)C=CC=C1,0.0
CCCCCCCCCCCCC1=CC=C(O)C=C1,1.0
C1CCC(CC1)N=C=NC1CCCCC1,0.0
CCNC1=NC(SC)=NC(NC(C)C)=N1,0.0
CCNC1=NC(NC(C)(C)C#N)=NC(Cl)=N1,0.0
CC1(C)C(C=C(Cl)Cl)C1C(=O)OC(C#N)C1=CC=CC(OC2=CC=CC=C2)=C1,0.0
CCCN(CCC)C(=O)SCC,0.0
COC(=O)C1=C(C=CS1)S(=O)(=O)NC(=O)NC1=NC(C)=NC(OC)=N1,0.0
[H][C@]12O[C@@]1([H])[C@@]1([H])[C@@]([H])([C@H]2Cl)[C@@]2(Cl)C(Cl)=C(Cl)[C@]1(Cl)C2(Cl)Cl,0.0
CC(C)(OOC(C)(C)C1=CC=CC=C1)C1=CC=CC=C1,0.0
CC1=CC(O)=CC(C)=C1,0.0
CC(C)C(C)(C)C(C)(C)C(C)(C)S,0.0
CC(C)NC1=CC=C(NC2=CC=CC=C2)C=C1,0.0
COC1=C2C=COC2=CC2=C1C=CC(=O)O2,0.0
CCCCCCCCN1SC=CC1=O,0.0
CCCCCCCC\C=C/CCCCCCCC(O)=O,0.0
C1=CC2=C(N=C1)C1=C(C=CC=N1)C=C2,0.0
CC(C)(C)C(=O)C1C(=O)C2=CC=CC=C2C1=O,0.0
[Na+].CCCCCCCCCCCCOS([O-])(=O)=O,0.0
CC(C)(C1=CC(Br)=C(O)C(Br)=C1)C1=CC(Br)=C(O)C(Br)=C1,0.0
[Cl-].CCCCCCCCCCCC[N+](C)(C)C,0.0
CCCCC(CC)COP(O)(=O)OCC(CC)CCCC,0.0
"O*.OS(=O)(=O)C1=CC=CC=C1 |c:7,9,t:5,lp:0:2,2:2,4:2,5:2,m:1:9.10.11|",0.0
OC1CCCCCCCCCCC1,0.0
CC1=CC(N2N=C3C=CC=CC3=N2)=C(O)C=C1,0.0
CCCOCCO,0.0
CC(C)(C)C1=CC(CCC(=O)OCC(COC(=O)CCC2=CC(=C(O)C(=C2)C(C)(C)C)C(C)(C)C)(COC(=O)CCC2=CC(=C(O)C(=C2)C(C)(C)C)C(C)(C)C)COC(=O)CCC2=CC(=C(O)C(=C2)C(C)(C)C)C(C)(C)C)=CC(=C1O)C(C)(C)C,0.0
CC(C)C(OC(=O)C(C)C)C(C)(C)COC(=O)C(C)C,0.0
"CCCCCCCCCCCC*.OC1=CC=CC=C1 |c:15,17,t:13,lp:13:2,m:12:15.16.17|",1.0
COP(=S)(OC)OC1=CC=C(SC2=CC=C(OP(=S)(OC)OC)C=C2)C=C1,1.0
CC1=NN(CO)C(C)=C1,0.0
CN(C)C(=O)OC1=C(C)C(C)=NC(=N1)N(C)C,0.0
CC(COC1=CC=C(OC2=CC=CC=C2)C=C1)OC1=NC=CC=C1,0.0
CCS(=O)(=O)C1=CC=CN=C1S(=O)(=O)NC(=O)NC1=NC(OC)=CC(OC)=N1,0.0
CCNS(=O)(=O)C(F)(F)C(F)(F)C(F)(F)C(F)(F)C(F)(F)C(F)(F)C(F)(F)C(F)(F)F,0.0
COP(=O)(OC)O\C(=C/Cl)C1=C(Cl)C=C(Cl)C(Cl)=C1,0.0
CNC(=O)ON=CC(C)(C)S(C)=O,0.0
OC1CCCC1,0.0
[H][C@@]12CC[C@](C)(O)[C@@]1(C)CC[C@@]1([H])[C@@]2([H])CCC2=CC(=O)CC[C@]12C,1.0
Cl.OC1=CC=C(C=C1)C1=C(C(=O)C2=CC=C(OCCN3CCCCC3)C=C2)C2=CC=C(O)C=C2S1,1.0
CC\C(=C(/C1=CC=CC=C1)C1=CC=C(OCCN(C)C)C=C1)C1=CC=CC=C1,1.0
CCCN(CC)CC1COC2(CCC(CC2)C(C)(C)C)O1,0.0
COC(C)(C)CCC[C@H](C)C\C=C\C(\C)=C\C(=O)OC(C)C,0.0
[H][C@@]12CC[C@H](C(C)=O)[C@@]1(C)CC[C@@]1([H])[C@@]2([H])CC=C2C[C@@H](O)CC[C@]12C,0.0
OC1=C2C=CC3=CC=CC4=CC=C(C=C1)C2=C34,0.0
CCOP(=O)(OCC)OC1=NC(Cl)=C(Cl)C=C1Cl,0.0
CCCCCCC(=O)OCC,0.0
COC(=O)C1=C(C=CC(OC2=CC=C(Cl)C=C2Cl)=C1)[N+]([O-])=O,0.0
FC1=CC=C(C=C1)[C@@]1(CN2C=NC=N2)O[C@@H]1C1=C(Cl)C=CC=C1,0.0
"COCCOCCC[Si](C)(O[Si](C)(C)C)O[Si](C)(C)C |lp:1:2,4:2,10:2,15:2,Sg:n:3,2,1::ht|",0.0
CC1=CC2=C(C=C1C(=C)C1=CC=C(C=C1)C(O)=O)C(C)(C)CCC2(C)C,0.0
[H][C@@]12C[C@@H](O)[C@](O)(C(=O)CO)[C@@]1(C)C[C@H](O)[C@@]1(F)[C@@]2([H])CCC2=CC(=O)C=C[C@]12C,1.0
Cl.CC1=NC=C(CO)C(CO)=C1O,0.0
CC(=CC1=CC=CC=C1)[N+]([O-])=O,0.0
CCOCC(C)O,0.0
CC1=C(C=C(C(O)=C1)C(C)(C)C)C(C)(C)C,0.0
OC1=C(Br)C=C(C=NOC2=C(C=C(C=C2)[N+]([O-])=O)[N+]([O-])=O)C=C1Br,0.0
COP(=S)(OC)OC1=C(Cl)C=C(Br)C(Cl)=C1,0.0
CC1(C)C2CCC(C)(C2)C1O,0.0
FC1=CC=CC(F)=C1C(=O)NC(=O)NC1=C(F)C=C(OC2=C(Cl)C=C(C=C2)C(F)(F)F)C=C1,0.0
CN(C)C1=CC=C(C=C1)\N=N\C1=C(C=CC=C1)C(O)=O,0.0
CNC(=O)OC1=C(C=C(C)C=C1C(C)(C)C)C(C)(C)C,0.0
Cl[Bi](Cl)(C1=CC=CC=C1)(C1=CC=CC=C1)C1=CC=CC=C1,0.0
O=C1CCCCCN1SSN1CCCCCC1=O,1.0
[Cl-].CCCCCCCC[N+](C)(CCCCCCCC)CCCCCCCC,0.0
CCCCCCOC(=O)C1=CC=C(O)C=C1,1.0
OC(COC(=O)C=C)COC1=CC=CC=C1,0.0
C=CC(=O)OCCN1C(=O)N(CCOC(=O)C=C)C(=O)N(CCOC(=O)C=C)C1=O,0.0
CN(C1CCCCC1)S(=O)(=O)C1=CC=CC=C1N,0.0
CC(C)C1=CC=CC(C(C)C)=C1N1C(=O)C2=C(C=C(O)C=C2)C1=O,1.0
CC(O)=O.CC(C)C1=CC=C2C(CC[C@H]3[C@](C)(CN)CCC[C@]23C)=C1,0.0
SC1CCCC1,0.0
CC(C)(O)C1=CC=C(CNC(=O)C2=CC=CN=C2OC2=CC3=NON=C3C=C2)C=C1,0.0
CC[C@H]1CC[C@H](NCC2=CC3=C(C=C2OC)[C@H]2C[C@H]2C(=O)N3C)[C@@H](N1)C1=CC=CC=C1,0.0
CC1=C(CCOC2=CC=C(C[C@H](NC3=C(C=CC=C3)C(=O)C3=CC=CC=C3)C(O)=O)C=C2)N=C(O1)C1=CC=CC=C1,0.0
Cl.CCOC(=O)COC1=CC2=C(CCC(C2)NCC(O)C2=CC(Cl)=CC=C2)C=C1,0.0
CCOC(=O)[C@@]1(OC2=CC=CC=C2[C@@H]1N)C1=CC=CC=C1,0.0
FC1=CC=C2N(CC3=CC(F)=CC=C3)C(=CC2=C1)C(=O)NC1=CC=C2NC=CC2=C1,0.0
COC1=CC2=C(C(=O)N(COC3=CC(=O)N4C=CC=C(OCCN5CCCCC5)C4=N3)S2(=O)=O)C(=C1)C(C)C,0.0
NNC(=O)OCC1=CC=CC=C1,0.0
CC(C)(C)C1=CSC(=N1)C1=CC2=C(O1)C=CC(OCC1=CC=CC=C1CC(O)=O)=C2,0.0
CC1=C(C2=C(O1)C(NC(=O)C1=C(Cl)C=CC=C1Cl)=CC=C2)C(C)(C)O,1.0
[Na+].CCCCC1=NC2=CC=CN=C2N1CC1=CC=C(C=C1)C1=CC=CC=C1C1=NN=N[N-]1,0.0
CC(C)(C)C(=O)C1=CC=CC=C1,0.0
NC1=CC=C(C=C1)C1=CC=C(N)C=C1,0.0
CC1=CC(=C(O)C=C1)C(C)(C)C,0.0
ClC1=C(Cl)C(=O)C(Cl)=C(Cl)C1=O,0.0
CC(C)(NC(=O)C1=CC(Cl)=CC(Cl)=C1)C#C,0.0
ClC1=C(Cl)C(Cl)(Cl)C(Cl)=C1Cl,0.0
CN(C)C1=CC=C(C=C1)C(=O)C1=CC=C(C=C1)N(C)C,0.0
CCN(CC)N=O,0.0
[O-][N+](=O)C1=C(Cl)C(Cl)=C(Cl)C(Cl)=C1Cl,0.0
OC1=C(C=CC=C1)C1=CC=CC=C1,0.0
OC(=O)CC(O)(CC(O)=O)C(O)=O.CN(C)CCOC1=CC=C(C=C1)C(=C(\CCCl)C1=CC=CC=C1)\C1=CC=CC=C1,1.0
CC(Cl)(Cl)C(O)=O,0.0
ClCC(=O)CCl,0.0
CC(=O)C(O)=O,0.0
CS(C)=O,0.0
CCCCOC(=O)C1=CC=CC=C1C(=O)OCCCC,0.0
CC1=CC(C)=C(O)C=C1,0.0
CCCCCCCCCCCCCO,0.0
O1C2=CC=CC=C2C2=C1C=CC=C2,0.0
CCN(CC)C(=O)C1=CC=CC(C)=C1,0.0
O=C1C=C(OC2=CC=CC=C12)C1=CC=CC=C1,0.0
OCCOC(=O)C=C,0.0
OC1=CC=C(OC2=CC=CC=C2)C=C1,1.0
CCCCCCCCCCN,0.0
CCC(C)C1=C(O)C=CC=C1,0.0
CC[C@@H]([C@@H](CC)C1=CC=C(O)C=C1)C1=CC=C(O)C=C1,1.0
CC(O)(CS(=O)(=O)C1=CC=C(F)C=C1)C(=O)NC1=CC(=C(C=C1)C#N)C(F)(F)F,0.0
C[C@]12CC[C@H]3[C@@H](CCC4=CC5=C(C[C@]34C)C=NO5)[C@@H]1CC[C@@]2(O)C#C,1.0
[H][C@@]12CC[C@@](O)(C#C)[C@@]1(C)CC[C@@]1([H])[C@@]2([H])CCC2=CC(=O)CC[C@]12C,0.0
CCOC(=O)N1CCC(CC1)=C1C2=C(CCC3=C1N=CC=C3)C=C(Cl)C=C2,1.0
[O-][N+](=O)OCC(CO[N+]([O-])=O)(CO[N+]([O-])=O)CO[N+]([O-])=O,0.0
OC(=O)\C=C/C(O)=O.CN(CCOC1=CC=C(CC2SC(=O)NC2=O)C=C1)C1=CC=CC=N1,0.0
NC(CO)(CO)CO,0.0
[Na+].O=C1NC(C(=O)[N-]1)(C1=CC=CC=C1)C1=CC=CC=C1,0.0
CCOP(=S)(OCC)SCSP(=S)(OCC)OCC,0.0
CON(C)C(=O)NC1=CC=C(Cl)C(Cl)=C1,0.0
CC(C)(C)[C@H](O)[C@H](CC1=CC=C(Cl)C=C1)N1C=NC=N1,0.0
NC1=CC=C2C=C3C=CC=CC3=CC2=C1,0.0
C1=CC=C2C(C=CC3=C2C=CC=N3)=C1,0.0
C[Si](C)(C)N[Si](C)(C)C,0.0
CC(C)OC(C)=O,0.0
CCCCC\C=C/C\C=C/CCCCCCCC(O)=O,1.0
CCCCC(CC)COC(=O)C1=CC=CC=C1C(O)=O,0.0
OCC(COC(=O)C=C)(COC(=O)C=C)COC(=O)C=C,0.0
N(C1=CC=CC=C1)C1=C2C=CC=CC2=CC=C1,0.0
CCCC(=O)C1=CC(O)=C(O)C=C1O,1.0
CC(=O)OC(C)(C)C1CCC(C)=CC1,0.0
ClN1C(=O)N(Cl)C(=O)N(Cl)C1=O,0.0
CC(C)(C)C1=C(O)C=CC=C1,0.0
CC1=CC(O)=C(C=C1)C(C)(C)C,0.0
ClC(=O)OCCOCCOC(Cl)=O,0.0
OCC(CO)(CO)CO,1.0
CN=C=S,0.0
CC(C)=CCO,0.0
O=C(OCC1CCC2OC2C1)C1CCC2OC2C1,0.0
CCCCCCCC[Si](OCC)(OCC)OCC,0.0
"[Na+].CCCCCCCCCCCCOCCOS([O-])(=O)=O |lp:13:2,16:2,18:3,19:2,20:2,Sg:n:16,15,14::ht|",1.0
CC(C)OC(=O)C(C)(C)OC1=CC=C(C=C1)C(=O)C1=CC=C(Cl)C=C1,0.0
CCOP(=S)(OCC)OC(Cl)C(Cl)(Cl)Cl,0.0
ClC1=CC=C(C=C1)C(C(=O)C1C(=O)C2=C(C=CC=C2)C1=O)C1=CC=CC=C1,1.0
OC(C1=CC=C(Cl)C=C1)(C1=CN=CN=C1)C1=CC=CC=C1Cl,0.0
FC1(F)OC2=CC=CC(=C2O1)C1=CNC=C1C#N,0.0
[Li+].[O-]S(=O)(=O)C(F)(F)C(F)(F)C(F)(F)C(F)(F)C(F)(F)C(F)(F)C(F)(F)C(F)(F)F,0.0
CN1N=C(C)C(C=NOCC2=CC=C(C=C2)C(=O)OC(C)(C)C)=C1OC1=CC=CC=C1,0.0
CCCCCOC(=O)COC1=C(Cl)C=C(F)C(=C1)N1C(=O)C2=C(CCCC2)C1=O,0.0
CO\N=C(\C(=O)OC)C1=C(COC2=C(C)C=CC=C2)C=CC=C1,0.0
ClC1=CC=C(NC(=N)NC(=N)NCCCCCCNC(=N)NC(=N)NC2=CC=C(Cl)C=C2)C=C1,1.0
CCOC(=O)[C@@H](C)OC1=CC=C(OC2=NC3=C(O2)C=C(Cl)C=C3)C=C1,0.0
[Na+].CC1=C(OCC([O-])=O)C=CC(Cl)=C1,0.0
CC(=O)CCC1=CC=C(OC(C)=O)C=C1,0.0
CCCCCCCCC=CCCCCCCCC1=NCCN1CCO,0.0
"CCCCCCCCCC1=CC=C(OCCO)C=C1 |c:17,t:9,11,lp:13:2,16:2,Sg:n:15,14,13::ht|",0.0
NC1=CC=C(C=C1N)C1=CC(N)=C(N)C=C1,0.0
CC(C1=CC=C(O)C=C1)(C1=CC=C(O)C=C1)C1=CC=C(O)C=C1,1.0
CCCCCCCC1=CC=C(O)C=C1,0.0
CCOC(=O)CCC(=O)OCC,0.0
OC(=O)C1CCC(CC1)C(O)=O,0.0
CC(C)(C)C(O)C(=C/C1=C(Cl)C=C(Cl)C=C1)\N1C=NC=N1,0.0
[Cl-].CCCCCCCCCCCC[N+](C)(C)CC1=CC=CC=C1,1.0
S1C=CC=C1C1=CC=C(S1)C1=CC=CS1,0.0
CCOC(=O)CCN(SN(C)C(=O)OC1=CC=CC2=C1OC(C)(C)C2)C(C)C,0.0
[Br-].CCCCCCCCCCCCCCCC[N+](C)(C)CC,0.0
OC(C1=CC=C(F)C=C1)(C1=CN=CN=C1)C1=CC=CC=C1Cl,1.0
CCOC1=C(O)C=CC=C1,0.0
CC(C)C1=C(O)C=CC=C1,0.0
CCCCCCCCCCCCBr,0.0
Cl.CNCCCC12CCC(C3=C1C=CC=C3)C1=C2C=CC=C1,0.0
CCCCCCCCOCCCN,0.0
OC1=CC=C(CC2=C(O)C=CC=C2)C=C1,0.0
C(OC1=CC=C(C=C1)C(C1=CC=C(OCC2CO2)C=C1)C1=CC=C(OCC2CO2)C=C1)C1CO1,0.0
OS(=O)(=O)C1=CC(Cl)=C(Cl)C=C1Cl,0.0
Cl.CN(C)[C@H]1[C@@H]2C[C@H]3C(=C(O)[C@]2(O)C(=O)C(C(N)=O)=C1O)C(=O)C1=C(C(Cl)=CC=C1O)[C@@]3(C)O,0.0
OC(=O)CC1=CC(I)=C(OC2=CC(I)=C(O)C=C2)C(I)=C1,1.0
CC(C)=CCCC(C)(OC(=O)C1=CC=CC=C1)C=C,0.0
CS(O)(=O)=O.CC1=NC=CN1C1=CC=C(SC2=CC=CC(=C2)C2(CCOCC2)C(N)=O)C=C1,0.0
CC(C)(O)C1=CC=C(CNC(=O)C2=CC=CN=C2OC2=CC=C(F)C=C2)C=C1,0.0
NC(=O)N(O)[C@H]1C[C@@H](OC2=CC=CC(OC3=CC=C(F)C=C3)=C2)C=C1,0.0
CC1=C(CCOC2=CC=CC3=C2C=CN3CCC(O)=O)N=C(O1)C1=CC=CC=C1,0.0
Cl.COC1=CC2=CC=C(C=C2C=C1)S(=O)(=O)N[C@H](CC(=O)N[C@H](CC1=CC=C(CN2[C@@H](C)CCC[C@H]2C)C=C1)C(=O)N(C)C(C)C)C1=CC2=C(OCO2)C=C1,0.0
Cl.CN(C)C(=O)C1(CCN(CC[C@]2(CN(CCO2)C(=O)C2=CC=CC=C2)C2=CC=C(Cl)C(Cl)=C2)CC1)N1CCCCC1,0.0
CCC1=C(N(N=C1C(=O)NN1CCCCC1)C1=CC=C(Cl)C=C1Cl)C1=CC=C(Br)C=C1,0.0
OC1=CC2=C(C=C1)C1=C(C2)C=CC=C1,1.0
NC(=O)NC1NC(=O)NC1=O,0.0
COP(=S)(OC)SCN1N=NC2=C(C=CC=C2)C1=O,0.0
CCCCOC(=O)C1=C(C=CC=C1)C(=O)OCC1=CC=CC=C1,0.0
CCC(C)C1=CC(=CC(=C1O)[N+]([O-])=O)[N+]([O-])=O,0.0
CCCCOC(=O)C1=CC=C(O)C=C1,1.0
OC1=C(O)C=CC=C1,0.0
BrCCBr,0.0
CC\C(=C(\CC)C1=CC=C(O)C=C1)C1=CC=C(O)C=C1,1.0
CC(C)(C)NC(=O)[C@H]1CC[C@H]2[C@@H]3CC[C@H]4NC(=O)C=C[C@]4(C)[C@H]3CC[C@]12C,0.0
ClC1C=CC2C1C1(Cl)C(Cl)=C(Cl)C2(Cl)C1(Cl)Cl,0.0
NNC1=NC(=CS1)C1=CC=C(N)C=C1,0.0
NNC1=NC(=CS1)C1=CC=C(C=C1)[N+]([O-])=O,0.0
CS(=O)(=O)OCCCCOS(C)(=O)=O,1.0
[O-][N+](=O)C1=CC=C2CCC3=CC=CC1=C23,0.0
[O-][N+](=O)C1=CC=CC=C1,0.0
Cl.NNC1=CC=CC=C1,0.0
CCCCCCCC=O,0.0
CC(C)(C1=CC(Cl)=C(O)C(Cl)=C1)C1=CC(Cl)=C(O)C(Cl)=C1,1.0
OC1=C(Br)C=C(C=C1Br)C#N,0.0
C(=C(C1=CC=CC=C1)C1=CC=CC=C1)C1=CC=CC=C1,0.0
[H][C@@]12CC[C@H](C(C)=O)[C@@]1(C)CC[C@@]1([H])[C@@]2([H])CCC2=CC(=O)CC[C@]12C,1.0
OC1=CC=C(C=C1)S(=O)(=O)C1=CC=C(O)C=C1,1.0
COC(=O)C1=C(C=CC=C1)C(=O)OC,0.0
CC(C)(C1=CC=CC=C1)C1=CC=C(O)C=C1,1.0
[H][C@@]12C[C@H](C)[C@](O)(C(=O)CO)[C@@]1(C)C[C@H](O)[C@@]1(F)[C@@]2([H])CCC2=CC(=O)C=C[C@]12C,0.0
C\C(=C/CO)\C=C\C=C(/C)\C=C\C1=C(C)CCCC1(C)C,0.0
CC1=CC=C(C=C1)C(=O)C1=CC(O)=C(O)C(=C1)[N+]([O-])=O,1.0
CC(C)(C)C(=O)C(OC1=CC=C(Cl)C=C1)N1C=NC=N1,0.0
CCCCN(CC)C1=C(C=C(C=C1[N+]([O-])=O)C(F)(F)F)[N+]([O-])=O,0.0
CC(C)NC(=O)N1CC(=O)N(C1=O)C1=CC(Cl)=CC(Cl)=C1,0.0
CC(C)OC1=CC(N2N=C(OC2=O)C(C)(C)C)=C(Cl)C=C1Cl,0.0
CC(C)(OO)C1=CC=CC=C1,0.0
COCCOCCO,0.0
COC1=CC(=CC=C1N)C1=CC(OC)=C(N)C=C1,0.0
[Na+].CC[Hg]SC1=C(C=CC=C1)C([O-])=O,0.0
NC1=C(N)C=CC=C1,0.0
OC(=O)C1=CC2=C(C=CC=C2)C=C1O,0.0
CCCCC(CC)C(=O)OCCOCCOCCOC(=O)C(CC)CCCC,0.0
CC(=O)OCC(COC(C)=O)OC(C)=O,0.0
CCCCC(CC)COC(=O)CCCCCCCC(=O)OCC(CC)CCCC,0.0
CC(CCO)CCC=C(C)C,0.0
[Na+].[O-]C1=CC=C(C=C1)[N+]([O-])=O,0.0
CCCC[Sn](Cl)(CCCC)CCCC,0.0
CC1COC2=C(C=CC=C2)N1C(=O)C(Cl)Cl,1.0
[NH4+].[S-]C#N,0.0
OC(=O)C(F)(F)C(F)(F)C(F)(F)C(F)(F)C(F)(F)C(F)(F)C(F)(F)C(F)(F)C(F)(F)F,0.0
OS(=O)(=O)C(F)(F)C(F)(F)C(F)(F)C(F)(F)C(F)(F)C(F)(F)C(F)(F)C(F)(F)F,0.0
CC(C)=CCCC(C)=CCCC(C)=CCO,0.0
CCCSP(=O)(OCC)OC1=C(Cl)C=C(Br)C=C1,0.0
CC1(CCCCC1)C(=O)NC1=C(Cl)C(Cl)=C(O)C=C1,0.0
CC1=CC(=O)NO1,0.0
COC1=CC=CC(C(=O)NN(C(=O)C2=CC(C)=CC(C)=C2)C(C)(C)C)=C1C,0.0
N=C1NC(=N)C2=C1C=C1C=CC=CC1=C2,0.0
[Br-].CCCCCCCCCCCCCCCC[N+]1=CC=CC=C1,0.0
[H][C@@]12CCC(=O)[C@@]1(C)CC[C@@]1([H])[C@@]2([H])CCC2=C(O)C(=O)CC[C@]12C,0.0
CC1(C)NC(=O)N(C1=O)C1=CC(=C(C=C1)[N+]([O-])=O)C(F)(F)F,0.0
CCCCOC(=O)C(C)OC1=CC=C(OC2=CC=C(C=N2)C(F)(F)F)C=C1,0.0
CCOC(=O)COC1=CC(N2N=CC(=C(C)C2=O)C(F)(F)F)=C(F)C=C1Cl,0.0
NC1=C(Cl)C(=O)N(N=C1)C1=CC=CC=C1,0.0
CC\C=C/CCCCCCCCCCOC(C)=O,0.0
CC(C)=CCCC(C)=CC#N,0.0
CCCCCCCCCCC(CO)CCCCCCCC,0.0
[H][C@@]12CC[C@@](O)(C#C)[C@@]1(CC)CC[C@]1([H])[C@@]3([H])CCC(=O)C=C3CC[C@@]21[H],1.0
CCC(=C(C1=CC=C(O)C=C1)C1=CC=C(OCCN(C)C)C=C1)C1=CC=CC=C1,1.0
[Na+].[O-]C(=O)CC1=C(NC2=C(Cl)C=CC=C2Cl)C=CC=C1,0.0
[K+].[O-]S(=O)(=O)C(F)(F)C(F)(F)C(F)(F)C(F)(F)C(F)(F)C(F)(F)F,0.0
C=CCCCCCCCCC=O,0.0
CCCCOC(=O)CCC(C)=O,0.0
C[Si]1(O[Si](C)(O[Si](C)(O[Si](C)(O1)C=C)C=C)C=C)C=C,0.0
NS(=O)(=O)C(F)(F)C(F)(F)C(F)(F)C(F)(F)C(F)(F)C(F)(F)C(F)(F)C(F)(F)F,0.0
OC1CCC(CC1)C1CCCCC1,0.0
CCCCOP(O)(=O)OCCCC,0.0
O.O.OC1=CC(O)=C(C=C1)C1=C(O)C(=O)C2=C(O1)C=C(O)C=C2O,1.0
CN(C)CC1=CC=CC=C1O,0.0
NC(=O)C1=C(Cl)C=C(C=C1)[N+]([O-])=O,0.0
ClCC(=O)NC1=CC=CC=C1,0.0
ClCC#CCOC(=O)NC1=CC=CC(Cl)=C1,0.0
COC(=O)C(C)N(C(=O)CC1=CC=CC=C1)C1=C(C)C=CC=C1C,0.0
[Cl-].CCCCCCCCCCCCCCCC[N+](C)(C)CC1=CC=CC=C1,0.0
CCCCCC(C)OC(=O)COC1=CC=C(Cl)C2=CC=CN=C12,0.0
CNC(=O)NC1=CC=C(Cl)C(Cl)=C1,0.0
ClC1=CC=C(CN(C2CCCC2)C(=O)NC2=CC=CC=C2)C=C1,0.0
CN(C(=S)OC1=CC2=CC=CC=C2C=C1)C1=CC=CC(C)=C1,0.0
F[Sn](C1=CC=CC=C1)(C1=CC=CC=C1)C1=CC=CC=C1,0.0
Cl.CN(C)CCCN1C2=C(CCC3=C1C=C(Cl)C=C3)C=CC=C2,0.0
[Na+].COCCCOC1=CC=NC(CS(=O)C2=NC3=C([N-]2)C=CC=C3)=C1C,0.0
OC1=CC2=C(C=CC=C2)C=C1C(=O)NC1=CC=CC(=C1)[N+]([O-])=O,0.0
OC1=C(Br)C2=C(C=C1Br)C1(OC(=O)C3=CC=CC=C13)C1=CC(Br)=C(O)C(Br)=C1O2,1.0
OCCCCOC(=O)C=C,0.0
CCC(=O)OC(C)(C)C1CCC(C)=CC1,0.0
NC1=CC=CC(=C1)S(=O)(=O)C1=CC(N)=CC=C1,0.0
CC(C)CC(C)N(C1=CC=CC=C1)C1=CC=C(N)C=C1,0.0
CSCCCN=C=S,0.0
CC(C)(C)C1=CC=CC=C1,0.0
Cl.COC1=CC=CC(=C1)C1=C(Cl)C=C(\C=C/CN2CCCCCC2)C=C1,0.0
CS(O)(=O)=O.CC(C)C1=CC=C(C=C1S(C)(=O)=O)C(=O)N=C(N)N,0.0
CCCCC1=CC=C(O)C=C1,0.0
[Na+].[Na+].[H][C@@]12C[C@@H](C)[C@](O)(C(=O)COP([O-])([O-])=O)[C@@]1(C)C[C@H](O)[C@@]1(F)[C@@]2([H])CCC2=CC(=O)C=C[C@]12C,0.0
[H][C@@]12CC[C@@](O)(C#C)[C@@]1(CC)CC[C@]1([H])[C@@]3([H])CCC(=O)C=C3CC[C@@]21[H],1.0
OC(=O)\C=C/C(O)=O.CC(C)(C)NC[C@H](O)COC1=NSN=C1N1CCOCC1,0.0
CC(=C)C(=O)OCCC(F)(F)C(F)(F)C(F)(F)C(F)(F)C(F)(F)C(F)(F)F,0.0
CCC(=O)C(=O)CC,0.0
CC1(O)CSC(C)(O)CS1,0.0
CN1C=NC(=C1SC1=NC=NC2=C1NC=N2)[N+]([O-])=O,0.0
C1=CC=C(C=C1)C1=CC=CC=C1,0.0
O=C1CCCCCN1,0.0
CC1=C(C)C(NC2=NC(SCC(O)=O)=NC(Cl)=C2)=CC=C1,0.0
Cl.NC1=CC=C(Cl)C=C1,0.0
ClC(Cl)C(C1=CC=C(Cl)C=C1)C1=CC=C(Cl)C=C1,0.0
ClC1=CC=C(C=C1)C(C1=CC=C(Cl)C=C1)C(Cl)(Cl)Cl,0.0
[H][C@@]12CCC(=O)[C@@]1(C)CC[C@@]1([H])[C@@]2([H])CC=C2C[C@@H](O)CC[C@]12C,1.0
OC(C1=CC=C(Cl)C=C1)(C1=CC=C(Cl)C=C1)C(Cl)(Cl)Cl,0.0
CCOP(=S)(OCC)OC1=NC(Cl)=C(Cl)C=C1Cl,0.0
Cl.N#CC1=CC=C(C=C1)C1CCCC2=CN=CN12,1.0
OCC1CO1,0.0
CCOC(=O)CC(SP(=S)(OC)OC)C(=O)OCC,0.0
CN(CC1=NC2=C(N=C1)N=C(N)N=C2N)C1=CC=C(C=C1)C(=O)N[C@@H](CCC(O)=O)C(O)=O,0.0
COC1=CC=C(O)C=C1,0.0
CC1=CC(CC2=CC(C)=CC(=C2O)C(C)(C)C)=C(O)C(=C1)C(C)(C)C,0.0
NC1=CC(=C(N)C=C1)[N+]([O-])=O,0.0
OC1=CC=C2C=CC=CC2=C1N=NC1=CC=CC=C1,0.0
C[C@]12CC(=O)[C@H]3[C@@H](CCC4=CC(=O)C=C[C@]34C)[C@@H]1CC[C@]2(O)C(=O)CO,0.0
OC1=CC2=C(C(O)=C1)C(=O)C(O)=C(O2)C1=CC(O)=C(O)C=C1,0.0
CCNC1=NC(NCC)=NC(Cl)=N1,0.0
CCCN(CCC)C1=C(C=C(C=C1[N+]([O-])=O)C(F)(F)F)[N+]([O-])=O,0.0
[H][C@@]12CC[C@@](O)(C#C)[C@@]1(C)CC[C@]1([H])[C@@]3([H])CCCC=C3CC[C@@]21[H],1.0
CCCCCCCCCC=O,0.0
CC(C)(C)C1=CC(=CC(=C1O)C(C)(C)C)[N+]([O-])=O,0.0
CC1=CC(=O)C2=C(C=CC=C2)C1=O,0.0
CC1=C(Cl)C=CC(O)=C1,1.0
OC1CCCCC1,1.0
C1CCCCC1,0.0
N(C1=CC=CC=C1)C1=CC=CC=C1,0.0
CCC1=CC=C(O)C=C1,0.0
CCCCCCCCCCCC(C)=O,0.0
CCCC[Sn](CCCC)(CCCC)CCCC,0.0
COC1=CC=C(C=C1)C1=COC2=C(C=CC(O)=C2)C1=O,1.0
CC1(OC(=O)N(C1=O)C1=CC(Cl)=CC(Cl)=C1)C=C,0.0
[H][C@@]12CCC(=O)[C@@]1(C)CC[C@]1([H])C3=C(CC[C@@]21[H])C=C(O)C=C3,1.0
[H][C@@]12CC[C@H](O)[C@@]1(C)CC[C@]1([H])C3=C(C[C@@H](CCCCCCCCCS(=O)CCCC(F)(F)C(F)(F)F)[C@@]21[H])C=C(O)C=C3,1.0
CCC(C)(C1=CC=C(O)C=C1)C1=CC=C(O)C=C1,1.0
OC1=C(CC2=C(O)C=CC=C2)C=CC=C1,0.0
CCC1=C(N(C(C)COC)C(=O)CCl)C(C)=CC=C1,0.0
CCCCCCCOC(=O)C1=CC=C(O)C=C1,1.0
CCCCC(CC)COC(=O)C1=CC=C(O)C=C1,1.0
CCCOC(=O)C1=CC=C(O)C=C1,1.0
COC(=O)C1=CC=C(O)C=C1,0.0
NC(=O)N1C2=CC=CC=C2C=CC2=CC=CC=C12,0.0
C[C@]12CC[C@H]3[C@@H](CCC4=CC(O)=CC=C34)[C@@H]1CC[C@@H]2OC(=O)CCC1CCCC1,1.0
CC1=C(CS(=O)C2=NC3=CC=CC=C3N2)N=CC=C1OCC(F)(F)F,0.0
N#CC1=CC=C(C=C1)C(N1C=NC=N1)C1=CC=C(C=C1)C#N,0.0
O.O.[H][C@]12[C@H](O)C3[C@H](N(C)C)C(O)=C(C(N)=O)C(=O)[C@@]3(O)C(O)=C1C(=O)C1=C(C=CC=C1O)[C@@]2(C)O,0.0
COC1=C(Cl)C=CC(Cl)=C1C(O)=O,0.0
CC1=C(C)C=C(O)C=C1,1.0
CC1=C(OCC(O)=O)C=CC(Cl)=C1,0.0
CCCN(CCOC1=C(Cl)C=C(Cl)C=C1Cl)C(=O)N1C=CN=C1,0.0
CSC1=NC(NC(C)C)=NC(NC(C)C)=N1,0.0
CC(C)N(C(=O)CCl)C1=CC=CC=C1,0.0
CC(C)(C)C1=CC=C(OC2CCCCC2OS(=O)OCC#C)C=C1,0.0
OC1=C(Cl)C=C(Cl)C(Cl)=C1,0.0
OC1=C(Br)C=C(Br)C=C1C(=O)NC1=CC=C(Br)C=C1,0.0
ClC1=CC=C(NC(=O)NC2=CC=C(Cl)C(Cl)=C2)C=C1,0.0
CCCCCCC(C=O)=CC1=CC=CC=C1,0.0
[Na+].[O-]C1=CC=CC=C1,0.0
CC1=CC=CC(=C1[N+]([O-])=O)[N+]([O-])=O,0.0
ClP(Cl)C1=CC=CC=C1,0.0
CCCCCCCCCCCCC=C,1.0
CC1=C(N)C(N)=CC=C1,0.0
[K+].CCCCC(CC)C([O-])=O,0.0
CCNC1=NC(NC(C)(C)C)=NC(Cl)=N1,0.0
[Na+].[Na+].[Na+].[Na+].OCCN(CCO)C1=NC(NC2=CC=C(C=CC3=CC=C(NC4=NC(NC5=CC=C(C=C5)S([O-])(=O)=O)=NC(=N4)N(CCO)CCO)C=C3S([O-])(=O)=O)C(=C2)S([O-])(=O)=O)=NC(NC2=CC=C(C=C2)S([O-])(=O)=O)=N1,0.0
[Na+].[Na+].[O-]S(=O)(=O)OOS([O-])(=O)=O,0.0
OC1=CC=C(\C=C\C2=CC(O)=CC(O)=C2)C=C1,1.0
CCOP(=S)(OCC)SCSCC,0.0
CO\N=C(\C(=O)OC)C1=CC=CC=C1CO\N=C(/C)C1=CC(=CC=C1)C(F)(F)F,0.0
CCCSP(=O)(OCC)SCCC,0.0
COP(=S)(OC)OC1=CC=C(C(C)=C1)[N+]([O-])=O,0.0
CC(C)[C@H](C(=O)O[C@H](C#N)C1=CC=CC(OC2=CC=CC=C2)=C1)C1=CC=C(Cl)C=C1,0.0
OC1(CCN(CCCC(=O)C2=CC=C(F)C=C2)CC1)C1=CC=C(Cl)C=C1,0.0
CC1(C)CCC(CC2=CC=C(Cl)C=C2)C1(O)CN1C=NC=N1,0.0
OC1=CC=C(C=C1)C(=O)CBr,1.0
CCCCC(O)(CN1C=NC=N1)C1=CC=C(Cl)C=C1Cl,0.0
CCC1=CC=C(C=C1)C(=O)NN(C(=O)C1=CC(C)=CC(C)=C1)C(C)(C)C,0.0
"[Cl-].C*.CC(C)(C)CC(C)(C)C1=CC=C(OCCOCC[N+](C)(C)CC2=CC=CC=C2)C=C1 |c:25,27,30,t:9,11,23,lp:0:4,15:2,18:2,m:2:13.12|",1.0
CC(C)(C1=CC(Br)=C(OCCO)C(Br)=C1)C1=CC(Br)=C(OCCO)C(Br)=C1,0.0
CCCCOC(=O)C1=C(C=CC=C1)C(O)=O,1.0
CCC(C)C1=CC(=CC(=C1OC(=O)OC(C)C)[N+]([O-])=O)[N+]([O-])=O,0.0
CCCCCCCCOC(=O)C1=CC(O)=C(O)C(O)=C1,0.0
OC1=C(C=C(Cl)C=C1Cl)C(=O)NC1=CC=C(Cl)C(Cl)=C1,1.0
[O-][N+](=O)C1=CC=C(SC#N)C(=C1)[N+]([O-])=O,0.0
CC1(C)CC(=O)CC(C)(C)N1,0.0
COP(=S)(NC(C)C)OC1=C(C=C(C)C=C1)[N+]([O-])=O,1.0
N1C2=CC=CC=C2N=C1C1=CC=CO1,0.0
CCCCCCCCCCCCN(CCO)CCO,0.0
[Hg++].CC([O-])=O.CC([O-])=O,0.0
Cl[Hg]C1=CC=CC=C1,0.0
CCCCCCCCCCCCN1CCCC1=O,0.0
OC(C1=CC=C(Cl)C=C1)(C1=CC=C(Cl)C=C1)C1=CC=CN=C1,0.0
[Na+].CCCCCCCCCCCCCOS([O-])(=O)=O,0.0
IC(I)=C(I)I,0.0
Cl[Sb](Cl)Cl,0.0
Cl[Au](Cl)Cl,0.0
CC(=O)CC(=O)OC(C)(C)C,0.0
CCC1=CC(=C(O)C=C1)C(C)(C)C,0.0
[Na+].[O-][N+](=O)C1=CC=C(C=C1)C1=CC=C(O1)C=NN1CC(=O)[N-]C1=O,0.0
COC(=O)CCCC(O)=O,0.0
CC1=NC2=C(C3=C(C=CC=C3)C=C2)C1(C)C,0.0
C(OC1=CC=C(CC2=CC=C(OCC3CO3)C=C2)C=C1)C1CO1,0.0
[Na+].[O-]C(=O)C1=CN=CC=C1,0.0
CCC(C)(C)C1CCC(=O)CC1,1.0
O[C@H]([C@H](CC1=CC=CC=C1)NC(=O)C1=CC2=CC(Cl)=CC=C2N1)C(=O)N1C[C@H](O)[C@H](O)C1,0.0
[Na+].CCOC1=CC(=CC=C1)N1C=C(N=C1C1=CC=C(C)C=C1)C(=O)N1CCN(CC1)C1=CC2=CC=CC=C2C(=C1)C([O-])=O,0.0
Cl.CCCOC1=C(Br)C(C)=C(S1)C(=O)N1CCC(CC1)C1=CC(CN)=CC=C1F,0.0
CC(O)=O.COCCOC1=NC=C2N(CC(=O)NC3=NC=C(Cl)C=C3)C(=CC2=C1)C(=O)NC1CCN(CC1)C(C)C,0.0
OC(=O)CCC(O)=O.CC(=O)NC1(CCN(CC[C@]2(CN(C(=O)CO2)C2=CC=CC=C2)C2=CC=C(Cl)C(Cl)=C2)CC1)C1=CC=CC(F)=C1,0.0
CCOC(C)OCC\C=C/CC,0.0
CC1=CCC2C(C1)C2(C)C,0.0
CCCCCCCCCCCSCC(O)=O,0.0
C1CCC(CC1)SSC1CCCCC1,0.0
OC1=CC=C(C=C1)C(=O)OC1=CC=CC=C1,1.0
CCC1=CC(CC2=CC(CC)=C(N)C(CC)=C2)=CC(CC)=C1N,1.0
CCCCCCOC1=CC=C(O)C=C1,1.0
CN(C(=O)C(C)(C)C1=CC(=CC(=C1)C(F)(F)F)C(F)(F)F)C1=CN=C(C=C1C1=CC=C(F)C=C1C)N1CC[C@@H](O)[C@H]1CO,0.0
C=CC#N,0.0
OC1=C(CC2=CC=CC=C2)C=C(Cl)C=C1,1.0
[H][C@@]1(CC[C@@]2([H])\C(CCC[C@]12C)=C\C=C1\C[C@@H](O)CCC1=C)[C@H](C)\C=C\[C@H](C)C(C)C,0.0
CCOC1=NC2=CC=CC(C(=O)OC(C)OC(=O)OC3CCCCC3)=C2N1CC1=CC=C(C=C1)C1=C(C=CC=C1)C1=NN=NN1,0.0
NC1=C(N)C=C(Cl)C=C1,0.0
ClC1=CC=C(OS(=O)(=O)C2=CC=C(Cl)C=C2)C=C1,0.0
CC(=O)O[C@@]1(CC[C@H]2[C@@H]3C=C(Cl)C4=CC(=O)[C@@H]5C[C@@H]5[C@]4(C)[C@H]3CC[C@]12C)C(C)=O,0.0
COP(=O)(OC)OC=C(Cl)Cl,0.0
CC1=C(C=CC=C1[N+]([O-])=O)[N+]([O-])=O,0.0
[Na+].OC[C@@H](O)[C@H]1OC(=O)C(O)=C1[O-],0.0
[H][C@@]12CC[C@@](O)(C#C)[C@@]1(C)CC[C@]1([H])C3=C(CC[C@@]21[H])C=C(O)C=C3,1.0
CCCCC(CC)COC(=O)C1=C(C=CC=C1)C(=O)OCC(CC)CCCC,0.0
[Cl-].CN(C)C1=CC=C(C=C1)C(C1=CC=C(C=C1)N(C)C)=C1C=CC(C=C1)=[N+](C)C,0.0
OC1=CC=CC2=CC=CN=C12,0.0
[H][C@]12[C@H](C[C@@H](C)C=C1C=C[C@H](C)[C@@H]2CC[C@@H]1C[C@@H](O)CC(=O)O1)OC(=O)[C@@H](C)CC,0.0
[Cl-].[Cl-].[Hg++],0.0
COC1=NN(CSP(=S)(OC)OC)C(=O)S1,0.0
CC1=C(N)C=CC(CC2=CC(C)=C(N)C=C2)=C1,1.0
CN(C)C1=CC=C(CC2=CC=C(C=C2)N(C)C)C=C1,0.0
Cl.CN(C)[C@H]1[C@@H]2[C@@H](O)[C@H]3C(=C(O)[C@]2(O)C(=O)C(C(N)=O)=C1O)C(=O)C1=C(C=CC=C1O)[C@@]3(C)O,0.0
OC1=CC=CC=C1,1.0
N1C2=CC=CC=C2SC2=C1C=CC=C2,0.0
CCCOC(=O)C1=CC(O)=C(O)C(O)=C1,0.0
CCCC1=CC(=O)NC(=S)N1,1.0
OC1=C(Cl)C=C(Cl)C=C1Cl,0.0
BrCC(Br)COP(=O)(OCC(Br)CBr)OCC(Br)CBr,0.0
CCCCCCCCCCCC(O)=O,0.0
CC1(C)NC(=O)NC1=O,0.0
CC1=CC(=CC=C1)[N+]([O-])=O,0.0
CN(C)C1=CC=C(C=O)C=C1,0.0
OC1=CC=C(C=C1)C1=COC2=C(C(O)=CC(O)=C2)C1=O,1.0
CC(CC1=CC(O)=C(O)C=C1)C(C)CC1=CC=C(O)C(O)=C1,1.0
OC(=O)C1=C(C=CC=C1)C(C1=CC=C(O)C=C1)C1=CC=C(O)C=C1,1.0
CC1=C(O)C=CC(Cl)=C1,0.0
[H][C@]12COC(=O)[C@]1([H])[C@H](C1=CC(OC)=C(O)C(OC)=C1)C1=CC3=C(OCO3)C=C1[C@H]2O[C@]1([H])O[C@]2([H])CO[C@@H](C)O[C@@]2([H])[C@H](O)[C@H]1O,0.0
CC1=C(C)C(NC2=C(C=CC=C2)C(O)=O)=CC=C1,0.0
[H][C@@]12CC[C@@](O)(C#CC)[C@@]1(C)C[C@]([H])(C1=CC=C(C=C1)N(C)C)C1=C3CCC(=O)C=C3CC[C@@]21[H],1.0
CC1=C(C=C(C#N)C(=O)N1)C1=CC=NC=C1,0.0
OC[C@H](O)[C@@H](O)[C@H](O)[C@H](O)CO,0.0
OCCS(O)(=O)=O.OCCS(O)(=O)=O.NC(=N)C1=CC=C(OCCCCCOC2=CC=C(C=C2)C(N)=N)C=C1,0.0
C1=CC2=C(C=C1)C=C1C(C=CC3=C1C=CC=C3)=C2,0.0
CCCCN(CCCC)SN(C)C(=O)OC1=C2OC(C)(C)CC2=CC=C1,0.0
CC1=CC(=CC=C1N)C1=CC=C(N)C(C)=C1,0.0
COCCO,0.0
CC(C)N(C(C)C)C(=O)SCC(Cl)=C(Cl)Cl,0.0
CC(C)(C)C1=CC(O)=C(O)C=C1,0.0
Cl.NC1=NC(=O)N(C=C1)[C@@H]1O[C@H](CO)[C@@H](O)[C@@H]1O,1.0
O=C(OC1CCCCC1)C1=C(C=CC=C1)C(=O)OC1CCCCC1,0.0
C1C=CC2C3CC(C=C3)C12,0.0
CC1=CC(O)=C2C(=O)C3=C(O)C=C(O)C=C3C(=O)C2=C1,1.0
COC1=CC=C(CC=C)C=C1OC,0.0
[O-][N+](=O)C1=C2C=CC=CC2=CC2=CC=CC=C12,0.0
NC1=CC=CC=C1C(=O)OCCC1=CC=CC=C1,0.0
C1=CC=C(C=C1)P(C1=CC=CC=C1)C1=CC=CC=C1,0.0
CN(C)CC1=CC(CN(C)C)=C(O)C(CN(C)C)=C1,0.0
C(COC1=CC=CC=C1)OC1=CC=CC=C1,0.0
OC1=CC2=C(C=CC=C2)C=C1,1.0
FC(F)(F)C1=CC=C(Cl)C(Cl)=C1,0.0
CN1C(=O)C2=C(C=CC=C2)C1=O,0.0
CCCCC(CC)C(Cl)=O,0.0
COCCO[Si](OCCOC)(OCCOC)C=C,0.0
[Na+].[Fe+3].[O-]C(=O)CN(CCN(CC([O-])=O)CC([O-])=O)CC([O-])=O,0.0
CCN(CC1=CC(=CC=C1)S(O)(=O)=O)C1=CC=CC=C1,0.0
COC1=CC(NC(=O)CC(C)=O)=C(OC)C=C1Cl,0.0
CCCCCOC(=O)C1=C(C=CC=C1)C(=O)OCCCCC,0.0
CCCCCCCCN1SC(Cl)=C(Cl)C1=O,1.0
NC(=O)C(Br)(Br)C#N,0.0
ClC1=CC=CC(Cl)=C1C#N,0.0
[O-][N+](=O)\N=C1/NCCN1CC1=CN=C(Cl)C=C1,0.0
OC1=C(OC2=CC=C(Cl)C=C2Cl)C=CC(Cl)=C1,0.0
CC1=C(F)C(F)=C(COC(=O)[C@H]2[C@@H](\C=C(/Cl)C(F)(F)F)C2(C)C)C(F)=C1F,0.0
CCCCCCCCCC1=CC=C(O)C=C1,0.0
CS(=O)(=O)C1=C(C=CC(=C1)C(F)(F)F)C(=O)C1=C(ON=C1)C1CC1,0.0
FC(OC(F)(F)F)C(F)(F)OC1=C(Cl)C=C(NC(=O)NC(=O)C2=C(F)C=CC=C2F)C=C1,0.0
CCCC[Sn](CCCC)(CCCC)OC(=O)C1=CC=CC=C1,1.0
[Cl-].CCCCCCCCCC[N+](C)(CCCCCCCCCC)CCC[Si](OC)(OC)OC,0.0
[Na+].[O-]C1=C(C=CC=C1)[N+]([O-])=O,0.0
CC1(C)C(C=C(Cl)Cl)C1C(=O)OC(C#N)C1=CC=C(F)C(OC2=CC=CC=C2)=C1,0.0
[Br-].CCCCCCCCCCCCCCCC[N+](C)(C)C,1.0
CC(C)NC1=NC(Cl)=NC(N)=N1,0.0
CCOP(=S)(OCC)SCN1N=NC2=CC=CC=C2C1=O,0.0
CCOP(=O)(OCC)OC1=NC(=NC(C)=C1)C(C)C,0.0
COP(=O)(OC)OC1=CC=C(C=C1)[N+]([O-])=O,0.0
OC1=CC=C(C=C1)C1(C2=C(C=CC=C2)C2=C1C=CC=C2)C1=CC=C(O)C=C1,1.0
OC1=CC=C(NC2=CC=CC=C2)C=C1,1.0
[Cl-].CCNC1=CC=C(C(C2=CC=C(C=C2)N(CC)CC)=C2C=CC(C=C2)=[N+](CC)CC)C2=C1C=CC=C2,1.0
CCCCCCC1=CC=C(N)C=C1,0.0
CCCCCCCCCCCC(=O)OCC(O)CO,0.0
OC1=CC(O)=C(C=C1)C(=O)C1=CC=C(O)C=C1O,1.0
OCC(C1=CC=C(Cl)C=C1)C1=CC=C(Cl)C=C1,0.0
NC(=O)NC1=CC=C(Cl)C=C1,0.0
CC1=CC=C(C)C(=C1)S(O)(=O)=O,0.0
CC(C)N(CC1=CC=CC=C1)C(=O)C(C)(C)C,0.0
[Na+].[Na+].CCOC1=CC=C(C=C1)N=NC1=CC=C(C=CC2=CC=C(C=C2S([O-])(=O)=O)N=NC2=CC=C(OCC)C=C2)C(=C1)S([O-])(=O)=O,1.0
FC1=CC=CC(F)=C1C(=O)NC(=O)NC1=CC(Cl)=C(OC2=NC=C(C=C2Cl)C(F)(F)F)C(Cl)=C1,0.0
CC(C)OC(=O)C(O)(C1=CC=C(Cl)C=C1)C1=CC=C(Cl)C=C1,0.0
CN(C)S(=O)(=O)N(SC(F)(Cl)Cl)C1=CC=CC=C1,0.0
CCCCCCCCCCCCSC#N,0.0
CCCCCCCC\C=C/CCCCCCCC(=O)N(C)CC(O)=O,0.0
O=[As]C1=CC=CC=C1,0.0
CC(C)C1=CC=C(O)C=C1,0.0
[Br-].CCCCCCCCCCCCCC[N+]1=CC=CC=C1,0.0
[Br-].CCCCCCCCCCCC[N+](C)(C)C,0.0
CCOC(=O)C1=C(C=CC=C1)C(C1=CC(Br)=C(O)C(Br)=C1)=C1C=C(Br)C(=O)C(Br)=C1,0.0
OC1=CC=C(C=C1)C1(C(=O)NC2=CC=CC=C12)C1=CC=C(O)C=C1,0.0
CCC(C)OC(=O)C1=CC=C(O)C=C1,1.0
CCC(CC1=CC=CC=C1)(N(C)C)C(=O)C1=CC=C(C=C1)N1CCOCC1,0.0
CCCCOC(=O)CCCCCCCC(=O)OCCCC,0.0
CC1C2CC(CC2C2CCCC(O)C2)C1(C)C,0.0
CCCCCCCCCCCCCCN(CCO)CCO,0.0
CCC(C)(C)C1=CC(O)=C(C=C1O)C(C)(C)CC,0.0
CCCCCCC\C=C\C=O,0.0
[Br-].CCCCCCCCCCCC[N+](C)(C)CCCCCCCCCCCC,1.0
CC(C)CC(=O)OC(C)(CCC=C(C)C)C=C,0.0
[K+].CCC1=CC(=CC2=C1OCO2)C1=C(N(C2=CC=CC=C2C(F)(F)F)S(=O)(=O)C2=C1C=CC=C2)C([O-])=O,0.0
CN[C@H]1CC[C@@H](C2=CC=C(Cl)C(Cl)=C2)C2=CC=C(C=C12)S(N)(=O)=O,0.0
O[C@@H]1[C@H](CC2=CC=CC(=C2)C(O)=O)COC2=C1C=C(OCC1=NC3=C(S1)C=CC(F)=C3)C=C2,0.0
Cl.CCN1CCC2(COC3=C2C=C2N(CCC2=C3)C(=O)C2=CC=C(C=C2)C2=CC=C(C=C2C)C2=NN=C(C)O2)CC1,0.0
Cl.CC1=CC2=C(C=C1C(F)(F)F)N(CC2)C(=O)NC1=CC=C(OC2=CC=CN=C2C)N=C1,0.0
OCC(CO)N1C=NC(=C1C1=CC=NC(OC2=CC=CC=C2)=N1)C1=CC=C(F)C=C1,0.0
O.[K+].NC(=O)C1=NC(=N[N-]1)C1=CC=CC(=C1)C1=CC(F)=CC=C1OCC(F)(F)C(F)(F)F,0.0
[Na+].CC[C@H](NC(=O)C1=C([N-]S(=O)(=O)C2=CC=CC3=CC=CN=C23)C=CC(F)=C1)C1=CC=CC=C1,0.0
Cl.OCCOCCN1CCN(CC1)C(C1=CC=CC=C1)C1=CC=C(Cl)C=C1,0.0
O=C(C1CCCCC1)C1=CC=CC=C1,0.0
CC(=O)O[C@]1(C(C)=O)C(=C)C[C@H]2[C@@H]3C=C(C)C4=CC(=O)CC[C@]4(C)[C@H]3CC[C@]12C,1.0
OC(=O)CC1=CC(I)=C(OC2=CC(I)=C(O)C(I)=C2)C(I)=C1,0.0
CS(=O)(=O)C1=CC=C(C=C1Cl)[C@@H](CC1CCCC1)C(=O)NC1=NC=CN=C1,1.0
CC(=O)C1C(=O)OC(C)=CC1=O,0.0
NC1=CC(=C(O)C=C1)[N+]([O-])=O,0.0
NC1=NC=C(S1)[N+]([O-])=O,0.0
NC1=CC=C2C(=O)C3=C(C=CC=C3)C(=O)C2=C1,0.0
OC(=O)C1=CC=CC=C1,0.0
CS(O)(=O)=O.CC(C)C[C@@H]1N2C(=O)[C@](NC(=O)[C@H]3CN(C)[C@@H]4CC5=C(Br)NC6=CC=CC(=C56)C4=C3)(O[C@@]2(O)[C@@H]2CCCN2C1=O)C(C)C,0.0
CC(C)(C)C1=CC(O)=CC=C1O,0.0
[Cl-].[Cl-].[Cd++],0.0
[O-][N+](=O)C1=CC(=C(Cl)C=C1)[N+]([O-])=O,0.0
CC1CC(OC(C)=O)OC(C)O1,0.0
Cl.Cl.CC1=C(N)C=CC(=C1)C1=CC(C)=C(N)C=C1,1.0
CN(C)C=O,0.0
[H][C@]12O[C@@]1([H])[C@@]1([H])C[C@]2([H])[C@]2([H])[C@@]1([H])[C@]1(Cl)C(Cl)=C(Cl)[C@@]2(Cl)C1(Cl)Cl,0.0
OC1=C(CC2=C(Cl)C(Cl)=CC(Cl)=C2O)C(Cl)=C(Cl)C=C1Cl,1.0
C[C@H](CCC(O)=O)[C@H]1CC[C@H]2[C@@H]3CC[C@@H]4C[C@H](O)CC[C@]4(C)[C@H]3CC[C@]12C,0.0
O=NN(C1=CC=CC=C1)C1=CC=CC=C1,0.0
CCCN(CCC)N=O,0.0
CNC(=O)ON=C(SC)C(=O)N(C)C,0.0
CO[C@H]1\C=C\O[C@@]2(C)OC3=C(C2=O)C2=C(C(O)=C3C)C(O)=C(NC(=O)\C(C)=C/C=C/[C@H](C)[C@H](O)[C@@H](C)[C@@H](O)[C@@H](C)[C@H](OC(C)=O)[C@@H]1C)C(\C=N\N1CCN(C)CC1)=C2O,0.0
[H][C@@]12COC3=C(C=C(OC)C(OC)=C3)[C@]1([H])C(=O)C1=CC=C3O[C@H](CC3=C1O2)C(C)=C,0.0
NC1=NC(N)=C2N=C(C(N)=NC2=N1)C1=CC=CC=C1,0.0
OC1=CC=C(Cl)C=C1CC1=CC(Cl)=CC=C1O,1.0
OC1=C(Br)C=C(Br)C=C1Br,0.0
ClC1=CC=C(C=C1)C(C1=CC=CC=C1Cl)C(Cl)(Cl)Cl,0.0
OC1=CC=C(C=C1)C1=CC(=O)C2=C(O1)C=C(O)C=C2O,1.0
NC1=CC=C(CC2=CC=C(N)C=C2)C=C1,0.0
C[C@]12C[C@H](O)[C@H]3[C@@H](CCC4=CC(=O)CC[C@]34C)[C@@H]1CC[C@@H]2C(=O)CO,0.0
CCC(CC1=C(I)C=C(I)C(N)=C1I)C(O)=O,0.0
NC1=NC2=C(NC=N2)C(=S)N1,0.0
CCCC(CCC)C(O)=O,0.0
COC(=O)C1=C(C=CC=C1)S(=O)(=O)NC(=O)NC1=NC(OC)=NC(C)=N1,0.0
CC1(C)CNC(NN=C(C=CC2=CC=C(C=C2)C(F)(F)F)C=CC2=CC=C(C=C2)C(F)(F)F)=NC1,1.0
CCOP(=O)(OCC)OC1=CC=C(C=C1)[N+]([O-])=O,0.0
COC(=O)C(C)OC1=CC=C(OC2=NC=C(C=C2Cl)C(F)(F)F)C=C1,0.0
COCC(=O)N(C(C)C(=O)OC)C1=C(C)C=CC=C1C,0.0
COP(N)(=O)SC,0.0
CC1=CC(O)=CC=C1,0.0
CSC1=NN=C(C(=O)N1N)C(C)(C)C,0.0
CCSC(=O)N1CCCCCC1,0.0
NC1=CC=C(C=C1)N=NC1=CC=CC=C1,0.0
CC(C)(C1=CC=C(OCC2CO2)C=C1)C1=CC=C(OCC2CO2)C=C1,1.0
CC(C)=CCCC(C)=CC=O,0.0
[H][C@]1(C[C@@H](C)C[C@H](C)C1=O)[C@H](O)CC1CC(=O)NC(=O)C1,0.0
O.ClCCN(CCCl)P1(=O)NCCCO1,1.0
CCCCC\C=C\C=C\C=O,0.0
CCCCCCCCCC,0.0
CC(=O)CC(C)(C)O,0.0
CCCCCCOC(=O)C1=C(C=CC=C1)C(=O)OCCCCCC,0.0
CC1=C(C)C(O)=CC=C1,0.0
O[N+]([O-])=O.ClC1=CC=C(COC(CN2C=CN=C2)C2=C(Cl)C=C(Cl)C=C2)C=C1,0.0
OS(O)(=O)=O.OC1=C2N=CC=CC2=CC=C1.OC1=C2N=CC=CC2=CC=C1,1.0
CC(C)(C)C1=CC=CC(=C1O)C(C)(C)C,0.0
N1C=NC=N1,0.0
C[Si]1(C)O[Si](C)(C)O[Si](C)(C)O1,0.0
CCC1=CC=CC(CC)=C1N,1.0
CCCCCCCCCCCCCCC,0.0
C1=CC=C(C=C1)B(C1=CC=CC=C1)C1=CC=CC=C1,1.0
BrCC1=CC=CC(OC2=CC=CC=C2)=C1,0.0
[Cl-].CCCCN1C=C[N+](C)=C1,0.0
COP(=S)(OC)OC1=NC(Cl)=C(Cl)C=C1Cl,0.0
C[C@@H](OC1=CC=C(OC2=NC=C(Cl)C=C2F)C=C1)C(=O)OCC#C,0.0
CCNC(=O)NC(=O)C(=NOC)C#N,0.0
CCC1=C(N([C@@H](C)COC)C(=O)CCl)C(C)=CC=C1,0.0
O=CC1=CC=CC=C1C=O,0.0
CCCCC(CC)CN1C(=O)C2C3CC(C=C3)C2C1=O,0.0
CC1=NN(C(=O)N1C(F)F)C1=CC(NS(C)(=O)=O)=C(Cl)C=C1Cl,0.0
CC(C)=CC1C(C(=O)OCN2C(=O)C3=C(CCCC3)C2=O)C1(C)C,0.0
[H][C@@]12CC[C@@]3(CCC(=O)O3)[C@@]1(C)CC[C@@]1([H])[C@@]2([H])[C@@H](CC2=CC(=O)CC[C@]12C)SC(C)=O,0.0
COC(=O)C1=C(C=C(CNS(C)(=O)=O)C=C1)S(=O)(=O)NC(=O)NC1=NC(OC)=CC(OC)=N1,0.0
CC(C)C1=CC=C(C)C=C1O,0.0
CC1(C)N(CO)C(=O)NC1=O,0.0
C\C=C/C\C=C\CCCCCCCCOC(C)=O,0.0
CCOC(=O)\C=C(/C)\C=C\C[C@@H](C)CCCC(C)C,0.0
[Na+].[Na+].[O-]S(=O)(=O)C1=CC=CC=C1C=CC1=CC=C(C=C1)C1=CC=C(C=CC2=CC=CC=C2S([O-])(=O)=O)C=C1,0.0
OC1=CC=C(C(=O)C2=CC=CC=C2)C(O)=C1O,0.0
COC1=CC=CC=C1NC(=O)C1=CC2=C(C=CC=C2)C=C1O,0.0
CCCC1=C(OCCCOC2=CC=C(OCC(O)=O)C=C2)C=CC(C(C)=O)=C1O,0.0
CC(=O)[C@@]1(O)CC[C@H]2[C@@H]3CCC4=CC(=O)CC[C@]4(C)[C@H]3CC[C@]12C,1.0
CCOC(=O)C1=NN(C(=N1)C(Cl)(Cl)Cl)C1=C(Cl)C=C(Cl)C=C1,0.0
CN(C)C1=CC2=C(C=C1)C(C)=CC(=O)O2,0.0
CC(C)CC(C)(O)C#C,0.0
OC1=C(Br)C=C(C=C1Br)C1(OS(=O)(=O)C2=C1C=CC=C2)C1=CC(Br)=C(O)C(Br)=C1,0.0
[Cl-].CCCCCCCCCCCCCCCC[N+]1=CC=CC=C1,0.0
CC(C)OC(=O)C(C)N(C(=O)C1=CC=CC=C1)C1=CC(Cl)=C(F)C=C1,0.0
CC(CCCC(C)(C)O)CC=O,0.0
CCCCCC(=O)O[C@@]1(CC[C@H]2[C@@H]3CCC4=CC(=O)CC[C@]4(C)[C@H]3CC[C@]12C)C(C)=O,0.0
O.Cl.C1=CC2=C(N=C1)C1=C(C=CC=N1)C=C2,0.0
O=C(CC1=CC=CC=C1)C1=CC=CC=C1,0.0
CC1=C(C=C2C(=C1[N+]([O-])=O)C(C)(C)CC2(C)C)[N+]([O-])=O,0.0
CC(=O)OCCN(CCOC(C)=O)C1=CC=C(C=C1)N=NC1=C(C=C(C=C1)[N+]([O-])=O)C#N,0.0
CC1(C)COP(OC2=CC=CC=C2)OC1,0.0
Cl.COC1=CC(OC)=C(C(=O)CCCN2CCCC2)C(OC)=C1,0.0
ClC1=CC=CC(Cl)=C1N1C(=O)CC2=C1C=CC=C2,0.0
[Na+].CCCCCCCCCCCCCCCCCCOS([O-])(=O)=O,0.0
COC(OC)C(C)C1=CC=CC=C1,0.0
CS([O-])(=O)=O.CN(C[C@@H](CC[N+]12CCC(CC1)(CC2)C1CCCCC1)C1=CC(Cl)=C(Cl)C=C1)C(=O)C1=CC(=CC(=C1)C(F)(F)F)C(F)(F)F,1.0
CNS(=O)(=O)C1=C(F)C=C(Cl)C(=C1)C(=O)N1CCC(CCN2C3CCC2CC(C3)N2C(C)=NC3=C2C=CC=C3)(CC1)C1=CC(F)=CC=C1,0.0
CCC1=C(OCC(O)=O)C=CC(SCC2=C(CN3CCN(CC3)C3=CC=C(OC)C=C3)N=C(S2)C2=CC=C(C=C2)C(F)(F)F)=C1,0.0
OC(=O)C(F)(F)F.COC1=CC(C2=C(CCC3CCCCC3)SC(NC(=O)C3=CC4=CC(C)=CC(C)=C4N3CC(O)=O)=N2)=C(OC)C=C1Cl,0.0
Cl.ClC1=CC=C(OCC(=O)N2CCN(CC3=CC4=C(OCO4)C=C3)CC2)C=C1,0.0
CC(=O)O[Pb](C1=CC=CC=C1)(C1=CC=CC=C1)C1=CC=CC=C1,1.0
CC(N)=O,0.0
CC1=CC=C2C(=O)C3=C(C=CC=C3)C(=O)C2=C1N,0.0
CC(C)(C1=CC=C(O)C=C1)C1=CC=C(O)C=C1,1.0
ClC1CC2C(C1Cl)C1(Cl)C(Cl)=C(Cl)C2(Cl)C1(Cl)Cl,0.0
C=CCOC(=O)C1=C(C=CC=C1)C(=O)OCC=C,1.0
CNC(=O)CSP(=S)(OC)OC,0.0
Cl[C@H]1[C@H](Cl)[C@@H](Cl)[C@H](Cl)[C@@H](Cl)[C@@H]1Cl,0.0
N(NC1=CC=CC=C1)C1=CC=CC=C1,0.0
OC1=CC=C(O)C=C1,0.0
CC(C)OC(=O)NC1=CC=CC=C1,0.0
OC1=CC=C(C=C1)C1=C(O)C(=O)C2=C(O1)C=C(O)C=C2O,1.0
CCCCC\C=C/C\C=C/CCCCCCCC(=O)OC,1.0
COS(C)(=O)=O,0.0
[O-][N+](=O)C1=CC=C(OC2=C(Cl)C=C(Cl)C=C2)C=C1,0.0
[O-][N+](=O)C1=CC=C(O1)C=NN1CC(=O)NC1=O,0.0
CN(C)N=O,0.0
CCOP(=S)(OCC)OC1=CC=C(C=C1)[N+]([O-])=O,0.0
OC1=C(Cl)C(Cl)=C(Cl)C(Cl)=C1Cl,0.0
CC(=O)O[Hg]C1=CC=CC=C1,0.0
OC1=CC=C(C=C1)C1=CC=CC=C1,1.0
[H][C@]12C[C@@H](OC(=O)C3=CC(OC)=C(OC)C(OC)=C3)[C@H](OC)[C@@H](C(=O)OC)[C@@]1([H])C[C@@]1([H])N(CCC3=C1NC1=C3C=CC(OC)=C1)C2,0.0
C\C(\C=C\C1=C(C)CCCC1(C)C)=C/C=C/C(/C)=C/C(O)=O,0.0
NC1=CC(Cl)=C(C=C1Cl)C1=CC(Cl)=C(N)C=C1Cl,1.0
ClC1=CC=C(C=C1)S(=O)(=O)C1=CC(Cl)=C(Cl)C=C1Cl,0.0
N#CC1=CC=CC=C1,0.0
CCCCC=O,0.0
OC1=C(C=CC=C1)C(=O)NC1=CC=CC=C1,0.0
OC1=CC(=C(C=C1)[N+]([O-])=O)C(F)(F)F,1.0
NC1=CC=C(Br)C=C1,0.0
CC1=CC=C(O)C=C1,0.0
CCCCCCCCCCO,0.0
CNC(=O)OC1=CC=CC=C1OC(C)C,0.0
CC1=CC(C)=C(O)C(C)=C1,0.0
CCOP(=S)(OC1=CC=C(C=C1)[N+]([O-])=O)C1=CC=CC=C1,0.0
CC(C)=CC1C(C(=O)OCC2=COC(CC3=CC=CC=C3)=C2)C1(C)C,0.0
CCC(C)C1=CC=C(O)C=C1,0.0
CC(C)(C)C1=CC(CC2=CC(=C(O)C(=C2)C(C)(C)C)C(C)(C)C)=CC(=C1O)C(C)(C)C,0.0
COC1=CC(C=CC)=CC=C1O,0.0
ClC1=CC=C2OC3=C(C=CC=C3)N=C(N3CCNCC3)C2=C1,0.0
[H][C@@]12CS[C@@H](CCCCC(O)=O)[C@]1([H])NC(=O)N2,0.0
OC(=O)C1=C(NC2=CC(=CC=C2)C(F)(F)F)C=CC=C1,0.0
NC1=NC(=O)N(C=C1)[C@@H]1CS[C@H](CO)O1,0.0
[H][C@@]12C[C@@]3([H])C(=C(O)[C@]1(O)C(=O)C(C(N)=O)=C(O)[C@H]2N(C)C)C(=O)C1=C(O)C=CC=C1[C@@]3(C)O,0.0
COC1=NC(C)=NC(NC(=O)NS(=O)(=O)C2=C(Cl)C=CC=C2)=N1,0.0
Cl\C=C\Cl,0.0
OC(=O)CCCOC1=CC=C(Cl)C=C1Cl,0.0
CCOC(=O)C(C)OC(=O)C1=C(C=CC(OC2=C(Cl)C=C(C=C2)C(F)(F)F)=C1)[N+]([O-])=O,0.0
COC(=O)C1=C(CS(=O)(=O)NC(=O)NC2=NC(OC)=CC(OC)=N2)C=CC=C1,0.0
CCC(CC)NC1=C(C=C(C)C(C)=C1[N+]([O-])=O)[N+]([O-])=O,0.0
CCOP(=S)(OCC)OC1=CN=C2C=CC=CC2=N1,0.0
C[C@H]1[C@@H](SC(=O)N1C(=O)NC1CCCCC1)C1=CC=C(Cl)C=C1,0.0
CCCSC(=O)N(CCC)CCC,1.0
COC1=CC=C(N)C=C1,0.0
OC1=C2C(CC3=CC=CC(O)=C3C2=O)=CC=C1,0.0
Cl.CN(C)CCCN1C2=C(SC3=C1C=C(Cl)C=C3)C=CC=C2,0.0
OC1=NC(O)=NC(O)=N1,0.0
CN1CSC(=S)N(C)C1,0.0
OC1=CC(Cl)=CC=C1Cl,0.0
CC1=CC=CC(=C1C)[N+]([O-])=O,0.0
CCCCCCCCCC=CCC1CC(=O)OC1=O,0.0
OC1=CC2=CC=C(SSC3=CC4=CC=C(O)C=C4C=C3)C=C2C=C1,1.0
CC(C)=CCCC(C)(O)C=C,0.0
CC\C=C/C\C=C/C\C=C/CCCCCCCC(O)=O,1.0
NC1=CC=C(NC2=CC=CC=C2)C=C1,0.0
[O-]1N2C=CC=CC2=[S][Zn++]11[O-]N2C=CC=CC2=[S]1,0.0
NC1=CC2=C(C=C1)C(O)=CC(=C2)S(O)(=O)=O,1.0
CC(C)=CCCC(C)(OC(C)=O)C=C,1.0
CCCCCCCCCCCCC1=CC=CC=C1,0.0
CC(=O)C(C)=CC1C(C)=CCCC1(C)C,0.0
C[Si]1(C)O[Si](C)(C)O[Si](C)(C)O[Si](C)(C)O1,0.0
NNC(=S)NN,0.0
CCCCNS(=O)(=O)C1=CC=CC=C1,0.0
OCC1=CC=CC(OC2=CC=CC=C2)=C1,0.0
"C*.C*.C*.OCCOCCOCCO |lp:6:2,9:2,12:2,15:2,m:1:13.14,3:11.10,5:8.7|",0.0
CC(COC(C)COC(=O)C=C)OCC(C)OC(=O)C=C,0.0
CC(C)(C)C(=O)CCC1=CC=C(Cl)C=C1,0.0
CCC(C)(O)CCCC(C)C,0.0
CC1(C)N(Cl)C(=O)N(Br)C1=O,0.0
CC(C)(C1=CC=CC=C1)C1=CC(=C(O)C=C1)C(C)(C)C1=CC=CC=C1,0.0
ClC1=C(C=CC=C1)C(N1C=CN=C1)(C1=CC=CC=C1)C1=CC=CC=C1,0.0
CC(=O)N1CCN(CC1)C1=CC=C(OC[C@H]2CO[C@@](CN3C=CN=C3)(O2)C2=CC=C(Cl)C=C2Cl)C=C1,0.0
OCCC(F)(F)C(F)(F)C(F)(F)C(F)(F)C(F)(F)C(F)(F)C(F)(F)C(F)(F)F,0.0
NC1=CC(Cl)=CC(Cl)=C1,0.0
OC[C@H]1O[C@@H]2O[C@@H]3[C@@H](CO)O[C@H](O[C@@H]4[C@@H](CO)O[C@H](O[C@@H]5[C@@H](CO)O[C@H](O[C@@H]6[C@@H](CO)O[C@H](O[C@@H]7[C@@H](CO)O[C@H](O[C@H]1[C@H](O)[C@H]2O)[C@H](O)[C@H]7O)[C@H](O)[C@H]6O)[C@H](O)[C@H]5O)[C@H](O)[C@H]4O)[C@H](O)[C@H]3O,1.0
OCC1=CNC2=C1C=CC=C2,0.0
CC(C)C(=O)NC1=CC(=C(C=C1)[N+]([O-])=O)C(F)(F)F,0.0
CC(O)=O.CC(O)=O.ClC1=CC=C(NC(=N)NC(=N)NCCCCCCNC(=N)NC(=N)NC2=CC=C(Cl)C=C2)C=C1,1.0
CCOP(=O)(OCC)OC(=CCl)C1=C(Cl)C=C(Cl)C=C1,0.0
CCC(=NOC\C=C\Cl)C1=C(O)CC(CC1=O)C1CCOCC1,0.0
CC(C)C1CCC(CC2=CC=C(Cl)C=C2)C1(O)CN1C=NC=N1,0.0
CCOP(=S)(OCC)OC1=NN(C(C)C)C(Cl)=N1,0.0
ClC1=CC=C(CN2CCS\C2=N/C#N)C=N1,0.0
[H][C@@]12C[C@@H](C#N)[C@H](C(C)=O)[C@@]1(C)CC[C@@]1([H])[C@@]2([H])CC=C2C[C@@H](O)CC[C@]12C,0.0
[O-][N+](=O)C1=CC=C(OC2=C(C=C(C=C2)C(F)(F)F)[N+]([O-])=O)C=C1,0.0
CC(C)[C@@H](NC1=C(Cl)C=C(C=C1)C(F)(F)F)C(=O)OC(C#N)C1=CC(OC2=CC=CC=C2)=CC=C1,0.0
COC(OC)(C(=O)C1=CC=CC=C1)C1=CC=CC=C1,1.0
OC1=CC=C(C=C1)C(C1=CC=C(O)C=C1)(C(F)(F)F)C(F)(F)F,1.0
CCC1=CC(CC2=C(O)C(=CC(CC)=C2)C(C)(C)C)=C(O)C(=C1)C(C)(C)C,0.0
CC(O)(C1=CC=C(Cl)C=C1)C1=CC=C(Cl)C=C1,0.0
CN(C)C(=O)NC1=CC=C(OC2=CC=C(Cl)C=C2)C=C1,0.0
Cl.CN(C)CCCN1C2=C(CCC3=C1C=CC=C3)C=CC=C2,0.0
COC1=CC=C(O)C(=C1)C(C)(C)C,0.0
ClC1=CC=CC(NN=C(C#N)C#N)=C1,0.0
CCC(C)N(C)C(=O)C1=CC2=C(C=CC=C2)C(=N1)C1=CC=CC=C1Cl,0.0
CC1=CC(Br)=CC=C1NC(=O)CCl,0.0
CC(=C)[C@@H]1CC=C(C)C(=O)C1,0.0
ClC1(Cl)CS(=O)(=O)CC1(Cl)Cl,1.0
CC1CC(C)(C)C2=C(C=C(C)C(=C2)C(C)=O)C1(C)C,0.0
IC1=C(C=CC=C1)C(=O)NC1=CC=CC=C1,0.0
O=C(NC1=CC=CC=C1SSC1=C(NC(=O)C2=CC=CC=C2)C=CC=C1)C1=CC=CC=C1,0.0
CC(C)(C)C1=CC(=CC(=C1O)[N+]([O-])=O)[N+]([O-])=O,0.0
OCC(COCC(COC(=O)C=C)(COC(=O)C=C)COC(=O)C=C)(COC(=O)C=C)COC(=O)C=C,0.0
O=P(OC1=CC=CC=C1)OC1=CC=CC=C1,1.0
CCOP(=O)(SC1=CC=CC=C1)SC1=CC=CC=C1,0.0
COP(=S)(OC)OC1=CC=C(C=C1)S(=O)(=O)N(C)C,0.0
CCCCCCCCCCCC(=O)N(C)CC(O)=O,0.0
CC(OC1=CC=C(OC2=NC=C(C=C2Cl)C(F)(F)F)C=C1)C(O)=O,0.0
[H][C@]12C[C@]([H])(C=C1)[C@@]1([H])[C@]2([H])[C@@]2(Cl)C(Cl)=C(Cl)[C@]1(Cl)C2(Cl)Cl,0.0
CN(C)C(=S)NC1=CC(C)=CC=C1,0.0
CCCCOC(=O)C(C)O,0.0
CC(C)C1=CC(C(C)C)=C(O)C=C1,0.0
CC(C)(C)C1CCC(=O)CC1,0.0
[O-][N+](=O)O[Cd]O[N+]([O-])=O,0.0
[O-][N+](=O)C1=CC(=C(Cl)C(=C1Cl)[N+]([O-])=O)C(F)(F)F,0.0
CC(=C)C(=O)OCC(O)COC1=CC=C(C=C1)C(C)(C)C1=CC=C(OCC(O)COC(=O)C(C)=C)C=C1,0.0
CCCCCCCCC(CCCCCC)C(O)=O,0.0
CC(C)(C)OC(=O)C1=CC=C(O)C=C1,1.0
Cl.Cl.ClC1=CC=C(NC(=N)NC(=N)NCCCCCCNC(=N)NC(=N)NC2=CC=C(Cl)C=C2)C=C1,1.0
CCC(=O)OC1=CC=C(C=C1)C(\CC)=C(/CC)C1=CC=C(OC(=O)CC)C=C1,1.0
CS(O)(=O)=O.CC1=CC(CCN2CCN(CC2)C2=NSC3=CC=CC=C23)=CC2=C1NC(=O)CC2(C)C,0.0
CN1CCN(CC1)C1=CC=CC=C1\C=C1/SCCN(C1=O)C1=CC=C(Cl)C(Cl)=C1,0.0
CC[C@@H]1C[C@H](N(CC2=CC(=CC(=C2)C(F)(F)F)C(F)(F)F)C(C)=O)C2=C(C=CC(=C2)C(F)(F)F)N1C(=O)OC(C)C,0.0
NC(=O)N1C(=O)C(C(=O)C2=CC(Cl)=CS2)C2=C1C=C(Cl)C(F)=C2,0.0
CC1=CC(NC(=O)C(O)=O)=CC(C)=C1OC1=CC=C(O)C2=C1CCC2,0.0
O[C@@H]1[C@@H](CC2=CC=C(C=C2)C2=CC=CC=C2)COC2=C1C=CC(=C2)C1(CCCC1)C(O)=O,0.0
COC1=CC(OC)=C(C=C1)S(=O)(=O)N1C(=O)[C@@](N2C[C@H](O)C[C@H]2C(=O)N(C)C)(C2=CC(Cl)=CC=C12)C1=CC=CC=C1OC,0.0
C[C@]12CC[C@H]3C(=CCC4=C3C=CC(O)=C4)[C@@H]1CCC2=O,1.0
[Na+].CCCCCCCCCOS([O-])(=O)=O,1.0
O.O.Cl[In](Cl)Cl,1.0
CC1=NN=C(C(=O)N1N)C1=CC=CC=C1,0.0
COC1=CC=C(COC=O)C=C1,0.0
[H][C@]12C[C@]([H])(C=C1)[C@]1([H])[C@@]2([H])[C@]2(Cl)C(Cl)=C(Cl)[C@@]1(Cl)C2(Cl)Cl,0.0
[Na+].[N-]=[N+]=[N-],0.0
C1=CC=C(C=C1)N=NC1=CC=CC=C1,0.0
OC(=O)CC(O)(CC(O)=O)C(O)=O.CCN(CC)CCOC1=CC=C(C=C1)C(=C(Cl)C1=CC=CC=C1)C1=CC=CC=C1,1.0
CCOC(=O)\C=C/C(=O)OCC,0.0
CCNC(=S)NCC,0.0
O=C1NC(=O)C(N1)(C1=CC=CC=C1)C1=CC=CC=C1,0.0
COP(=S)(OC)OC1=CC(C)=C(SC)C=C1,0.0
COC1=CC(OC)=C(Cl)C2=C1C(=O)[C@]1(O2)[C@H](C)CC(=O)C=C1OC,0.0
NNC(=O)C1=CC=NC=C1,0.0
CC1=CC(=O)CC(C)(C)C1,0.0
C1=CC2=CC=CC=C2C=C1,0.0
OC(=O)CC1=C2C=CC=CC2=CC=C1,0.0
NC1=CC=C(C=C1)[N+]([O-])=O,0.0
NC1=C(C=CC(=C1)[N+]([O-])=O)C(O)=O,0.0
CCCCN(CC)C(=O)SCCC,1.0
[Na+].[Na+].CC1=CC=C(C=C1)S(=O)(=O)OC1=CC=C(C=C1)N=NC1=C(C)C=C(C=C1)C1=CC=C(N=NC2=C(O)C=CC3=CC(=CC(=C23)S([O-])(=O)=O)S([O-])(=O)=O)C(C)=C1,1.0
[Na+].[O-][Cl]=O,0.0
OC(=O)CC(O)(CC(O)=O)C(O)=O.CC\C(=C(/C1=CC=CC=C1)C1=CC=C(OCCN(C)C)C=C1)C1=CC=CC=C1,1.0
OC(=O)CCCCCCCC(O)=O,0.0
CCCCCCCCCCCCCCCCCC(O)=O,1.0
CCC(C)(C)C1=CC=C(O)C=C1,0.0
CC1=CC2=C(C=C1C)N(C[C@H](O)[C@H](O)[C@H](O)CO)C1=NC(=O)NC(=O)C1=N2,1.0
CCN(CC)C1=CC=CC=C1,0.0
CCOC(=O)C1=CC=C(N)C=C1,0.0
CCC(=O)NC1=CC=C(Cl)C(Cl)=C1,0.0
OC1=C(I)C=C(C=C1I)C#N,0.0
CC1(C)C(C=C(Cl)Cl)C1C(=O)OCC1=CC(OC2=CC=CC=C2)=CC=C1,0.0
OC1=CC=C(C=C1)C(C1=CC=C(O)C=C1)C(Cl)(Cl)Cl,1.0
[H][C@@]12CC[C@@H](O)[C@@]1(C)CC[C@]1([H])C3=C(CC[C@@]21[H])C=C(O)C=C3,1.0
OC1=CC=C(C(=O)C2=CC=CC=C2)C(O)=C1,1.0
OC1=CC=C(C=C1)C1(OS(=O)(=O)C2=C1C=CC=C2)C1=CC=C(O)C=C1,1.0
CCC1(CCC(=O)NC1=O)C1=CC=C(N)C=C1,0.0
NC1=NC(Cl)=NC2=C1N=CN2[C@H]1C[C@H](O)[C@@H](CO)O1,1.0
[Na+].CCCCC(CC)COC(=O)CC(C(=O)OCC(CC)CCCC)S([O-])(=O)=O,0.0
N[C@@H](CC1=CC(I)=C(OC2=CC(I)=C(O)C=C2)C(I)=C1)C(O)=O,1.0
FC1=CC=C(C=C1)C(CCCN1CCC(CC1)N1C(=O)NC2=C1C=CC=C2)C1=CC=C(F)C=C1,0.0
CC1=C(O)C(C)=C2CCC(C)(COC3=CC=C(CC4SC(=O)NC4=O)C=C3)OC2=C1C,0.0
COP(=O)(NC(C)=O)SC,0.0
BrC1=CC=C(OC2=CC=CC=C2)C=C1,0.0
CN(C)C(=O)C(C1=CC=CC=C1)C1=CC=CC=C1,0.0
COC(=O)C1=CC=CC=C1S(=O)(=O)NC(=O)N(C)C1=NC(OC)=NC(C)=N1,0.0
C1C2=C(C=CC=C2)C2=C1C=CC=C2,0.0
CC(C)OC1=CC(NC(=O)C2=C(C=CC=C2)C(F)(F)F)=CC=C1,0.0
ClC1=CC(Cl)=C(C=C1)C(CN1C=CN=C1)OCC=C,0.0
CCCN(CCC)C1=C(C=C(C=C1[N+]([O-])=O)C(C)C)[N+]([O-])=O,0.0
CCC(C)(CC)C1=NOC(NC(=O)C2=C(OC)C=CC=C2OC)=C1,0.0
CNC1=C(Cl)C(=O)N(N=C1)C1=CC=CC(=C1)C(F)(F)F,0.0
CCCN(CCC)C1=C(C=C(C=C1[N+]([O-])=O)S(N)(=O)=O)[N+]([O-])=O,0.0
CCCC1COC(CN2C=NC=N2)(O1)C1=C(Cl)C=C(Cl)C=C1,0.0
COCC(C)O,1.0
CCCCC(CN1C=NC=N1)(C#N)C1=CC=C(Cl)C=C1,0.0
[H][C@@]12CCC(=O)[C@@]1(C)CC[C@@]1([H])[C@@]2([H])CCC2=CC(=O)CC[C@]12C,0.0
C=CC(=O)NCNC(=O)C=C,0.0
CCOC(=O)C1OC1C1=CC=CC=C1,0.0
CC(=O)NS(=O)(=O)C1=CC=C(N)C=C1,0.0
CC1=CC(=C(C)C=C1O)C1(OS(=O)(=O)C2=C1C=CC=C2)C1=C(C)C=C(O)C(C)=C1,1.0
CCCCCCC(O)CCCCCCCCCCC(O)=O,0.0
CC(C)=CCC\C(C)=C\CO,0.0
CC(O)CCO,0.0
CC(C)(CO)CO,0.0
O=C1CCCN1,0.0
CCCC[Sn](Cl)(Cl)CCCC,0.0
[O-][N+](=O)C1=CC=C(NC2=CC=CC=C2)C=C1,0.0
CN(C)C(=O)CC(C)=O,0.0
C1CC=CCCC=CCCC=C1,0.0
O=C1N(SC2CCCCC2)C(=O)C2=C1C=CC=C2,0.0
ClC1=NC(C#N)=C(Cl)C(Cl)=C1Cl,0.0
CC(C)CC(C)(C1=CC=C(O)C=C1)C1=CC=C(O)C=C1,1.0
CC(C)C1CCC(C)CC1O,0.0
CC(C)C1=C(C(=O)NC2=CC=CC=C2)C(=C(N1CC[C@@H](O)C[C@@H](O)CC(O)=O)C1=CC=C(F)C=C1)C1=CC=CC=C1,0.0
OC(=O)C(F)(F)C(F)(F)C(F)(F)C(F)(F)C(F)(F)C(F)(F)C(F)(F)C(F)(F)F,0.0
OC(=O)C(F)(F)C(F)(F)C(F)(F)C(F)(F)C(F)(F)C(F)(F)C(F)(F)F,0.0
CC(C)(O)C(=O)NC1=CC(=C(C=C1)[N+]([O-])=O)C(F)(F)F,0.0
Cl[In](Cl)Cl,0.0
CCOC1=C(C=CC(=C1)C(C)(C)C)C1COC(=N1)C1=C(F)C=CC=C1F,0.0
CC(C)C1(C)N=C(NC1=O)C1=NC=CC=C1C(O)=O,0.0
OC(=O)CCCCCCCCC=C,0.0
CC(C)=CC1C(C(=O)OC2CC(=O)C(CC=C)=C2C)C1(C)C,0.0
[K+].[O-]S(=O)(=O)C(F)(F)C(F)(F)C(F)(F)C(F)(F)C(F)(F)C(F)(F)C(F)(F)C(F)(F)F,0.0
[NH4+].[O-]C(=O)C(F)(F)C(F)(F)C(F)(F)C(F)(F)C(F)(F)C(F)(F)C(F)(F)F,0.0
O=C(OC1=CC=CC=C1)C1=CC(=CC=C1)C(=O)OC1=CC=CC=C1,0.0
C=CCOC1=NC(OCC=C)=NC(OCC=C)=N1,0.0
C(NC1=NC=NC2=C1N=CN2C1CCCCO1)C1=CC=CC=C1,0.0
CSC1=CC=C(C=C1)C(=O)C(C)(C)N1CCOCC1,1.0
O=C1C2=C(SC(C#N)=C(S2)C#N)C(=O)C2=C1C=CC=C2,1.0
COP(=S)(OC)OC1=CC(Cl)=C(I)C=C1Cl,0.0
O=C1CCC(CC1)C1CCCCC1,1.0
OC(=O)C1=CC=C([Hg]Cl)C=C1,0.0
CC(C)C(OC(=O)C1=CC=CC=C1)C(C)(C)COC(=O)C1=CC=CC=C1,0.0
CC(C)(C)C1=CC(O)=C(C=C1O)C(C)(C)C,0.0
COC1=CC(=C(O)C(=C1)C(C)(C)C)C(C)(C)C,0.0
OC[C@@H](O)[C@@H](O)[C@H](O)C=O,0.0
CC1=C(C)C(C(=O)NC2=CC=CC=C2)=C(C)O1,0.0
CCCC(CN1C=NC=N1)C1=C(Cl)C=C(Cl)C=C1,0.0
C=CC(=O)OCC(COC(=O)C=C)(COC(=O)C=C)COC(=O)C=C,0.0
[Na+].[H][C@]12CCC(=CC1=CC[C@@]1([H])[C@@](C)(CCC[C@]21C)C([O-])=O)C(C)C,0.0
CN(C)S(=O)(=O)N(SC(F)(Cl)Cl)C1=CC=C(C)C=C1,0.0
CC(C)CC(=O)C1C(=O)C2=C(C=CC=C2)C1=O,0.0
O=CN1CCCCC1,0.0
OC(=O)CCSCCC(O)=O,0.0
[Br-].[Br-].[2H]C1([2H])[N+]2=C(C=CC=C2)C2=[N+](C=CC=C2)C1([2H])[2H],0.0
O=C1C=CC(=O)N1C1=CC=C(CC2=CC=C(C=C2)N2C(=O)C=CC2=O)C=C1,0.0
Cl.CN(C)[C@H]1[C@@H]2C[C@@H]3CC4=C(C(O)=CC=C4N(C)C)C(=O)C3=C(O)[C@]2(O)C(=O)C(C(N)=O)=C1O,0.0
[K+].N#C[Au-]C#N,0.0
[Cl-].C(C1=CC=CC=C1)[N+]1=C2C=CC=CC2=CC=C1,0.0
OC1=CC=C(C=C1)C(=O)C1=CC=C(O)C=C1O,1.0
CCCCCCCCCCCC(=O)NCCCN(C)C,0.0
CC1COC2=C(N1)C=CC=C2,0.0
OCCN(CCO)CCO.CCCCCCCCCCCC(O)=O,0.0
CC(C)CCOC(=O)C1=CC=CC=C1,0.0
CCC(=O)OCCC(C)CCC=C(C)C,0.0
O[C@@H]1[C@@H](COC2=CC(O)=CC=C12)N1CCC(O)(CC1)C1=CC=C(F)C=C1,0.0
[Na+].COC1=CC2=C(SC(C(=O)NC3=NN=N[N-]3)=C2OC(C)C)C=C1,0.0
CCN(CC)CCNC1=C2C(=O)C3=C(SC2=C(CNC=O)C=C1)C=CC(OC)=C3,0.0
O.Cl.CN1CCN(CC2=CC(=CO2)C2=CC=C3N=C(O)OC3=C2)[C@H](C1)C1=CC=C(F)C=C1,0.0
S(SC1=CC=CS1)C1=CC=CS1,0.0
[Na+].N[C@@H](CC1=CC(I)=C(OC2=CC(I)=C(O)C=C2)C(I)=C1)C([O-])=O,1.0
OC(=O)C(F)(F)C(F)(F)C(F)(F)C(F)(F)C(F)(F)C(F)(F)C(F)(F)C(F)(F)C(F)(F)C(F)(F)F,0.0
CC1=CC(=CC=C1O)C(C)(C)C1=CC(C)=C(O)C=C1,0.0
CCNC1=NC(NC(C)C)=NC(Cl)=N1,0.0
Cl.CN(C)C1=CC=C(C=C1)C(=N)C1=CC=C(C=C1)N(C)C,0.0
CC1=C(C=CC=C1COC(=O)[C@@H]1[C@H](\C=C(/Cl)C(F)(F)F)C1(C)C)C1=CC=CC=C1,0.0
ClC(Cl)(Cl)SN1C(=O)C2CC=CCC2C1=O,0.0
CNC(=O)OC1=C2C=CC=CC2=CC=C1,0.0
ClCC(=O)C1=CC=CC=C1,0.0
NC1=CC=C(Cl)C=C1,0.0
CCOC(=O)C(O)(C1=CC=C(Cl)C=C1)C1=CC=C(Cl)C=C1,0.0
ClC(Cl)C(C1=CC=C(Cl)C=C1)C1=C(Cl)C=CC=C1,1.0
ClC(Cl)=C(C1=CC=C(Cl)C=C1)C1=CC=C(Cl)C=C1,0.0
CCOP(=S)(OCC)OC1=NC(=NC(C)=C1)C(C)C,0.0
C1=CC2=CC=C3C=C4C(C=CC5=CC=CC=C45)=CC3=C2C=C1,0.0
S=C(NC1CCCCC1)NC1CCCCC1,0.0
[H][C@]12O[C@@]1([H])[C@@]1([H])C[C@]2([H])[C@@]2([H])[C@]1([H])[C@@]1(Cl)C(Cl)=C(Cl)[C@]2(Cl)C1(Cl)Cl,0.0
CCOC1=CC2=C(NC(C)(C)C=C2C)C=C1,1.0
COC1=C(O)C=CC(CC=C)=C1,0.0
OCC(O)CO,0.0
COC1=CC2=C(C=C1)N(C(=O)C1=CC=C(Cl)C=C1)C(C)=C2CC(O)=O,0.0
CCOC(=O)CC(SP(=O)(OC)OC)C(=O)OCC,0.0
O=C1NNC(=O)C=C1,0.0
COC1=CC=C(C=C1)C(C1=CC=C(OC)C=C1)C(Cl)(Cl)Cl,1.0
NC1=C(N)C=C(C=C1)[N+]([O-])=O,1.0
NC1=CC=C(N)C=C1,0.0
OC1=C(Cl)C=C(Cl)C=C1SC1=C(O)C(Cl)=CC(Cl)=C1,0.0
NC1=CC=C(SC2=CC=C(N)C=C2)C=C1,1.0
ClCC(Cl)CCl,0.0
CCOC(N)=O,0.0
CCCCCCCCCC(O)=O,0.0
CCCCCCCCC=O,0.0
CC(O)CN,0.0
CCOCCOC(C)=O,0.0
CCCC1=CC=C(O)C=C1,0.0
[H]C1=CC(O)=CC2=C1C(=O)C(=CO2)C1=CC=C(O)C=C1,1.0
CCCCCCCCC1=CC=C(O)C=C1,0.0
CC(C)(C)CC(C)(C)C1=CC=C(O)C=C1,1.0
[H][C@@]12CC[C@H](O)[C@@]1(C)CC[C@@]1([H])[C@@]2([H])CC[C@@]2([H])CC(=O)CC[C@]12C,1.0
C[C@]12CC[C@H]3[C@@H](CCC4=C3C=CC(O)=C4)[C@@H]1C[C@@H](O)[C@@H]2O,1.0
OC1=CC=C(CC2=CC=C(O)C=C2)C=C1,0.0
CC(C)COC(=O)C1=C(C=CC=C1)C(=O)OCC(C)C,0.0
OC1=CC=C(C=C1)C(=O)OCC1=CC=CC=C1,1.0
CCOC(=O)C1=CC=C(O)C=C1,1.0
CC(C)(C#N)C1=CC(=CC(CN2C=NC=N2)=C1)C(C)(C)C#N,0.0
[H][C@@]12CC[C@@](O)(C#C)[C@@]1(C)CC[C@]1([H])[C@@]3([H])CCC(=O)C=C3CC[C@@]21[H],1.0
CCOC(=O)C(C)OC1=CC=C(OC2=CN=C3C=C(Cl)C=CC3=N2)C=C1,0.0
CC1=CC=CC(C)=C1O,0.0
CSC(C)(C)C=NO,0.0
CCCCOCC1CO1,0.0
OC(=O)C1=CC=C(Cl)C=C1,0.0
CC1=CC=C(N)C(N)=C1,0.0
ClC1=CC=C(C=C1)S(=O)(=O)C1=CC=C(Cl)C=C1,0.0
CCN(CC)C1=CC=C2C(C)=CC(=O)OC2=C1,0.0
CC(C)(C)OOC(C)(C)CCC(C)(C)OOC(C)(C)C,0.0
[O-][N+](=O)C1=CC2=CC=CC=C2C(=C1)[N+]([O-])=O,0.0
C=CC(=O)OCCCCCCOC(=O)C=C,0.0
CC(C)CCOC(C)=O,0.0
ClCC(CCl)OP(=O)(OC(CCl)CCl)OC(CCl)CCl,0.0
CCCCC(CC)COC(=O)C1=CC=C(C(=O)OCC(CC)CCCC)C(=C1)C(=O)OCC(CC)CCCC,1.0
CC(CC1=CC=C(C=C1)C(C)(C)C)C=O,0.0
CCC(C)(C)C1=CC(=C(O)C=C1)C(C)(C)CC,0.0
CC(C)(C)C(=O)C(O)=O,0.0
CC(C)(C)CC(C)(C)C1=CC(N2N=C3C=CC=CC3=N2)=C(O)C=C1,0.0
"[H]OCCO.C* |lp:1:2,4:2,m:6:3.2,Sg:n:5,1,2,3::ht|",0.0
CN1CCOCC1,0.0
NCC1=CC(CN)=CC=C1,0.0
CNC(=O)OC1=CC=CC2=C1OC(C)(C)O2,0.0
CC(C)OP(=S)(OC(C)C)SCCNS(=O)(=O)C1=CC=CC=C1,0.0
ClC1=CC(Cl)=C(C=C1)C1(CN2C=NC=N2)CC(Br)CO1,0.0
CCOCN1C(=C(C#N)C(Br)=C1C(F)(F)F)C1=CC=C(Cl)C=C1,0.0
[Cl-].CCCCCCCCCC[N+](C)(C)CCCCCCCCCC,1.0
OC(CC(C1=CC=CC=C1)C1=C(O)C2=C(OC1=O)C=CC=C2)C1=CC=C(C=C1)C1=CC=C(Br)C=C1,0.0
NN1C=NN=C1,0.0
Cl.CN(C)CCC=C1C2=C(CCC3=C1C=CC=C3)C=CC=C2,0.0
CC12CC1(C)C(=O)N(C2=O)C1=CC(Cl)=CC(Cl)=C1,0.0
CC(OC1=CC(Cl)=CC=C1)C(O)=O,0.0
CN(C)S(=O)(=O)N1C(=NC(Cl)=C1C1=CC=C(C)C=C1)C#N,0.0
CCOC1=NC(NC)=NC(NC(=O)NS(=O)(=O)C2=C(C=CC=C2)C(=O)OC)=N1,0.0
CNC(=O)\C=C(/C)OP(=O)(OC)OC,0.0
COP(=O)(OC)SCN1C(=O)OC2=CC(Cl)=CN=C12,0.0
[Cl-].CCCCCCCCCCCCCC[P+](CCCC)(CCCC)CCCC,1.0
CCCC[Sn](CCCC)(CCCC)OC(=O)C(C)=C,0.0
[H][C@@]12CC[C@H](OC(=O)CC)[C@@]1(C)CC[C@@]1([H])[C@@]2([H])CCC2=CC(=O)CC[C@]12C,0.0
[H][C@]12CO[S@@](=O)OC[C@@]1([H])[C@@]1(Cl)C(Cl)=C(Cl)[C@]2(Cl)C1(Cl)Cl,0.0
OC1=C(C=C(Cl)C=C1)C(=O)NC1=CC=CC=C1,0.0
COC(=O)C1=C(C=CC=C1)C(O)=O,0.0
CCN(CC)C1=C(C=C(C(N)=C1[N+]([O-])=O)C(F)(F)F)[N+]([O-])=O,0.0
CCC(C)C1=CC(=CC(=C1OC(=O)C=C(C)C)[N+]([O-])=O)[N+]([O-])=O,0.0
[H][C@@]12CC[C@](OC(C)=O)(C(C)=O)[C@@]1(C)CC[C@@]1([H])[C@@]2([H])C=C(C)C2=CC(=O)CC[C@]12C,0.0
CC[Sn](Br)(CC)CC,0.0
CCC(C)(C)C1CCC(O)CC1,1.0
CC1=C(CSC2=CC(C)=C(OCC(O)=O)C=C2)SC(=N1)C1=CC=C(C(F)=C1)C(F)(F)F,0.0
[Cl-].CCCCCCCCCCCCCC[N+](C)(C)C,1.0
[O-][N+](=O)C1=CC=[N+]([O-])C=C1,0.0
[I-].[I-].[Hg++],0.0
CCCN(CCC)C1=C(C=C(C=C1[N+]([O-])=O)S(C)(=O)=O)[N+]([O-])=O,0.0
CCCCCCCCN(C)CCCCCCCC,0.0
CCCCCC1=CC=C(O)C=C1,0.0
Cl.CCCCCCCCCCCCN,0.0
N#CC1(CCCCC1)N=NC1(CCCCC1)C#N,0.0
C=CC(=O)OCCOC(=O)C=C,0.0
CCCC[Sn](CCCC)(CCCC)OC(=O)C=C,0.0
CCOC(=O)C(C#N)=C(C1=CC=CC=C1)C1=CC=CC=C1,0.0
CC(C)(C)C1=CC=CC(O)=C1,0.0
OC1=CC=C(C(=O)C2=CC(O)=C(O)C(O)=C2)C(O)=C1O,0.0
Cl.COC(=O)C1=C(C)NC(C)=C(C1C1=CC(=CC=C1)[N+]([O-])=O)C(=O)OCCN(C)CC1=CC=CC=C1,1.0
CCC1=NN(C2CCCCC2)C2=C1C=CC(=C2)[C@]1(CC[C@@H](CC1)C(O)=O)C#N,0.0
C(CC1=CC2=C(OCO2)C=C1)N1CCC[C@H](C1)OC(C1=CC=CC=C1)C1=CC=CC=C1,0.0
CC(C)(O)C1=NC2=NC=C(N2N=C1)C1=CC(=C(F)C=C1)C1=C(C=CC=C1F)C#N,0.0
F[C@@H](CO[C@H]1CC[C@@H](CC1)NC1=C2C=NN=C2N=CN1)C1=CC=CC=C1F,0.0
OC12N=C(SC1CC1=CC(Cl)=CC=C21)C1=CC=CC=C1,0.0
OC1=CC2=C(CC3=CC=CC=C23)C=C1,1.0
CO\C=C(\C(=O)OC)C1=C(COC2=NC(=CC=C2)C(F)(F)F)C=CC=C1,0.0
OC1=CC2=C(C=CC=C2)C2=CC=CC=C12,0.0
[Na+].CCCCCCCCC1=CC=C(C=C1)S([O-])(=O)=O,0.0
OC1=C(CC=C)C=C(C=C1)S(=O)(=O)C1=CC(CC=C)=C(O)C=C1,1.0
CCCCCCCCCC(C)C=O,0.0
CCCCCC1=CC=CO1,0.0
CCCCCCC(=O)C1=CC=CC=C1,0.0
CC(C)(C)C1=CC=C(S)C=C1,1.0
